-- phpMyAdmin SQL Dump
-- version 5.2.1
-- https://www.phpmyadmin.net/
--
-- Hôte : 127.0.0.1
-- Généré le : mar. 16 avr. 2024 à 09:21
-- Version du serveur : 10.4.28-MariaDB
-- Version de PHP : 8.2.4

SET SQL_MODE = "NO_AUTO_VALUE_ON_ZERO";
START TRANSACTION;
SET time_zone = "+00:00";


/*!40101 SET @OLD_CHARACTER_SET_CLIENT=@@CHARACTER_SET_CLIENT */;
/*!40101 SET @OLD_CHARACTER_SET_RESULTS=@@CHARACTER_SET_RESULTS */;
/*!40101 SET @OLD_COLLATION_CONNECTION=@@COLLATION_CONNECTION */;
/*!40101 SET NAMES utf8mb4 */;

--
-- Base de données : `air2java`
--

-- --------------------------------------------------------

--
-- Structure de la table `appuser`
--

CREATE TABLE `appuser` (
  `id_appuser` int(11) NOT NULL,
  `name_appuser` varchar(150) NOT NULL,
  `password_appuser` varchar(250) NOT NULL,
  `type_appuser` varchar(150) NOT NULL
) ENGINE=InnoDB DEFAULT CHARSET=utf8mb4 COLLATE=utf8mb4_general_ci;

--
-- Déchargement des données de la table `appuser`
--

INSERT INTO `appuser` (`id_appuser`, `name_appuser`, `password_appuser`, `type_appuser`) VALUES
(1, 'root', '$2b$10$edhjYAu1S1BQvL5UrCQfk.uGNxvxPRp5gih89aniJAfuwu596RQb6', 'admin'),
(2, 'mod', '$2b$10$KfGRvL8KK6CIxxAxpP.OZumuExDosGtZmjfPbNYeVFamJa3so5Fwi', 'user');

-- --------------------------------------------------------

--
-- Structure de la table `band`
--

CREATE TABLE `band` (
  `id_band` int(11) NOT NULL,
  `name_band` varchar(150) NOT NULL,
  `id_person` int(11) NOT NULL
) ENGINE=InnoDB DEFAULT CHARSET=utf8mb4 COLLATE=utf8mb4_general_ci;

--
-- Déchargement des données de la table `band`
--

INSERT INTO `band` (`id_band`, `name_band`, `id_person`) VALUES
(1, 'Les Échos Nocturnes', 514),
(2, 'Tempête Solaire', 130),
(3, 'Rêves d’Acier', 567),
(4, 'Horizon Perdu', 432),
(5, 'Murmures du Phénix', 488),
(6, 'Vagabonds de l’Éther', 496),
(7, 'Les Gardiens du Temps', 40),
(8, 'Odyssée Astrale', 392),
(9, 'Symphonie des Ombres', 454),
(10, 'Éclats de Rêves', 35),
(11, 'Aurore Céleste', 369),
(12, 'Les Voyageurs Éphémères', 123),
(13, 'Echoes of Silence', 555),
(14, 'Nébuleuses Arpenteurs', 233),
(15, 'Spectres du Nord', 43),
(16, 'Flammes Astrales', 169),
(17, 'Les Fils du Vent', 420),
(18, 'Orage Cosmique', 41),
(19, 'Rivière Souterraine', 72),
(20, 'Les Héritiers du Temps', 379),
(21, 'Cristaux Lunaires', 199),
(22, 'Vent Solitaire', 332),
(23, 'Voix de l’Aurore', 482),
(24, 'Les Passeurs d’Étoiles', 331),
(25, 'Larmes d’Orion', 175),
(26, 'Chant des Sirènes', 143),
(27, 'Les Architectes du Rêve', 377),
(28, 'Ombres et Lumières', 457),
(29, 'Les Sentinelles de l’Infini', 459),
(30, 'Echo du Vide', 51),
(31, 'Les Porteurs de Feu', 323),
(32, 'Sables Éternels', 52),
(33, 'Rêveurs de l’Oubli', 58),
(34, 'Les Enfants du Cosmos', 134),
(35, 'Gardiens des Abysses', 103),
(36, 'Les Voyageurs du Temps', 88),
(37, 'Mélodies Suspendues', 209),
(38, 'Les Messagers de l’Aube', 193),
(39, 'Reflets d’Émeraude', 21),
(40, 'Les Souffleurs de Verre', 222),
(41, 'Eternal Echoes', 301),
(42, 'Midnight Skies', 80),
(43, 'Celestial Voyagers', 237),
(44, 'Whispering Shadows', 404),
(45, 'Frozen Horizons', 389),
(46, 'Quantum Silence', 590),
(47, 'Radiant Rebellion', 138),
(48, 'Orbiting Oracles', 15),
(49, 'Velvet Void', 121),
(50, 'Neon Nomads', 398),
(51, 'Astral Architects', 408),
(52, 'Galactic Gypsies', 288),
(53, 'Echoes of the Abyss', 485),
(54, 'Solar Serenades', 4),
(55, 'Cosmic Castaways', 28),
(56, 'Phantom Pilgrims', 451),
(57, 'Stellar Sirens', 433),
(58, 'Rogue Resonance', 308),
(59, 'Vortex Visionaries', 386),
(60, 'Nebula Nomads', 435),
(61, 'Voiles de Lune', 596),
(62, 'Échos du Futur', 255),
(63, 'Sérénade des Profondeurs', 265),
(64, 'Abysses Lumineux', 419),
(65, 'Mirages Éternels', 542),
(66, 'Flamboyants Oubliés', 156),
(67, 'Les Âmes Vagabondes', 412),
(68, 'Coursiers du Vent', 208),
(69, 'Harmonies du Silence', 371),
(70, 'Les Princes de l\'Aube', 324),
(71, 'Danseurs des Brumes', 68),
(72, 'Les Souverains du Vide', 173),
(73, 'Éclaireurs des Abysses', 460),
(74, 'Les Bâtisseurs de Mondes', 150),
(75, 'Les Veilleurs de l\'Éclipse', 481),
(76, 'Les Hérauts de l\'Inconnu', 191),
(77, 'Les Voyageurs des Âges', 278),
(78, 'Les Architectes de l\'Ombre', 248),
(79, 'Les Gardiens de l\'Éther', 122),
(80, 'Les Sentinelles du Crépuscule', 599),
(81, 'Sternenläufer', 340),
(82, 'Nachtwanderer', 115),
(83, 'Eisnebel', 322),
(84, 'Flüsternde Schatten', 197),
(85, 'Traumfänger', 160);

-- --------------------------------------------------------

--
-- Structure de la table `festival`
--

CREATE TABLE `festival` (
  `id_fest` int(11) NOT NULL,
  `name_fest` varchar(150) NOT NULL,
  `location_fest` varchar(250) NOT NULL,
  `start_date_fest` date NOT NULL,
  `end_date_fest` date NOT NULL,
  `id_person` int(11) NOT NULL,
  `id_town` int(11) NOT NULL
) ENGINE=InnoDB DEFAULT CHARSET=utf8mb4 COLLATE=utf8mb4_general_ci;

--
-- Déchargement des données de la table `festival`
--

INSERT INTO `festival` (`id_fest`, `name_fest`, `location_fest`, `start_date_fest`, `end_date_fest`, `id_person`, `id_town`) VALUES
(1, 'Festival du Printemps', '3 avenue des Pâquerettes', '2023-08-26', '2023-08-28', 1, 1),
(2, 'Nuits Électriques', '15 rue de l\'Éclair', '2020-05-23', '2020-05-25', 2, 2),
(3, 'Écho du Rock', '22 boulevard du Son', '2022-12-09', '2022-12-09', 3, 3),
(4, 'Rythmes du Monde', '18 avenue Globe', '2021-02-02', '2021-02-04', 1, 1),
(5, 'Jazz en Lumière', '5 rue de la Note', '2021-07-10', '2021-07-12', 2, 2),
(6, 'Voix d\'Été', '32 chemin des Voix', '2020-10-21', '2020-10-21', 3, 3),
(7, 'Festival des Couleurs', '7 place de l\'Arc-en-ciel', '2022-05-06', '2022-05-08', 1, 1),
(8, 'Harmonies Urbaines', '12 rue du Tempo', '2023-03-19', '2023-03-19', 2, 2),
(9, 'Résonances Modernes', '29 avenue de la Mélodie', '2020-04-27', '2020-04-28', 3, 3),
(10, 'Vibrations d\'Automne', '4 boulevard des Feuilles', '2021-11-01', '2021-11-01', 1, 1);

-- --------------------------------------------------------

--
-- Structure de la table `instrument`
--

CREATE TABLE `instrument` (
  `id_inst` int(11) NOT NULL,
  `name_inst` varchar(150) NOT NULL
) ENGINE=InnoDB DEFAULT CHARSET=utf8mb4 COLLATE=utf8mb4_general_ci;

--
-- Déchargement des données de la table `instrument`
--

INSERT INTO `instrument` (`id_inst`, `name_inst`) VALUES
(1, 'Guitare'),
(2, 'Voix'),
(3, 'Batterie'),
(4, 'Piano'),
(5, 'Basse'),
(6, 'Violon'),
(7, 'Saxophone'),
(8, 'Trompette'),
(9, 'Flûte'),
(10, 'Clarinette'),
(11, 'Harpe');

-- --------------------------------------------------------

--
-- Structure de la table `musician`
--

CREATE TABLE `musician` (
  `id_musician` int(11) NOT NULL,
  `id_inst` int(11) DEFAULT NULL,
  `id_person` int(11) DEFAULT NULL
) ENGINE=InnoDB DEFAULT CHARSET=utf8mb4 COLLATE=utf8mb4_general_ci;

--
-- Déchargement des données de la table `musician`
--

INSERT INTO `musician` (`id_musician`, `id_inst`, `id_person`) VALUES
(1, 3, 488),
(2, 4, 382),
(3, 1, 226),
(4, 2, 159),
(5, 3, 347),
(6, 5, 228),
(7, 8, 450),
(8, 2, 175),
(9, 2, 306),
(10, 2, 79),
(11, 5, 255),
(12, 2, 258),
(13, 2, 364),
(14, 1, 260),
(15, 1, 293),
(16, 1, 213),
(17, 1, 158),
(18, 5, 257),
(19, 3, 313),
(20, 3, 471),
(21, 5, 272),
(22, 2, 251),
(23, 1, 238),
(24, 6, 320),
(25, 3, 308),
(26, 2, 17),
(27, 2, 293),
(28, 3, 486),
(29, 2, 164),
(30, 2, 227),
(31, 2, 201),
(32, 2, 342),
(33, 2, 294),
(34, 2, 394),
(35, 2, 314),
(36, 3, 315),
(37, 5, 211),
(38, 2, 14),
(39, 2, 270),
(40, 1, 255),
(41, 2, 116),
(42, 1, 167),
(43, 2, 10),
(44, 5, 232),
(45, 7, 424),
(46, 5, 283),
(47, 2, 215),
(48, 1, 473),
(49, 6, 400),
(50, 1, 266),
(51, 2, 71),
(52, 8, 482),
(53, 6, 327),
(54, 1, 161),
(55, 8, 471),
(56, 2, 269),
(57, 1, 208),
(58, 3, 305),
(59, 2, 26),
(60, 1, 182),
(61, 2, 277),
(62, 2, 211),
(63, 2, 109),
(64, 1, 475),
(65, 2, 245),
(66, 3, 483),
(67, 5, 219),
(68, 7, 425),
(69, 2, 231),
(70, 2, 72),
(71, 6, 409),
(72, 2, 374),
(73, 1, 219),
(74, 5, 351),
(75, 1, 246),
(76, 5, 277),
(77, 1, 224),
(78, 2, 122),
(79, 1, 243),
(80, 9, 442),
(81, 1, 232),
(82, 2, 132),
(83, 2, 139),
(84, 4, 176),
(85, 10, 438),
(86, 2, 68),
(87, 1, 474),
(88, 2, 249),
(89, 2, 158),
(90, 1, 153),
(91, 2, 59),
(92, 2, 295),
(93, 1, 457),
(94, 1, 205),
(95, 1, 240),
(96, 1, 249),
(97, 6, 324),
(98, 1, 203),
(99, 1, 454),
(100, 5, 208),
(101, 2, 11),
(102, 6, 322),
(103, 2, 360),
(104, 2, 376),
(105, 5, 288),
(106, 1, 456),
(107, 2, 314),
(108, 3, 340),
(109, 2, 171),
(110, 2, 365),
(111, 2, 152),
(112, 3, 480),
(113, 7, 414),
(114, 9, 445),
(115, 1, 152),
(116, 2, 250),
(117, 2, 118),
(118, 2, 399),
(119, 2, 274),
(120, 5, 368),
(121, 2, 383),
(122, 2, 114),
(123, 3, 306),
(124, 8, 451),
(125, 7, 413),
(126, 2, 204),
(127, 2, 236),
(128, 2, 80),
(129, 2, 121),
(130, 5, 286),
(131, 8, 490),
(132, 2, 363),
(133, 3, 491),
(134, 2, 235),
(135, 5, 241),
(136, 2, 69),
(137, 5, 258),
(138, 5, 359),
(139, 6, 408),
(140, 5, 222),
(141, 1, 460),
(142, 1, 279),
(143, 2, 199),
(144, 2, 84),
(145, 1, 206),
(146, 2, 52),
(147, 4, 377),
(148, 2, 49),
(149, 5, 254),
(150, 1, 163),
(151, 6, 393),
(152, 1, 211),
(153, 2, 191),
(154, 2, 47),
(155, 3, 333),
(156, 3, 477),
(157, 2, 16),
(158, 2, 133),
(159, 2, 183),
(160, 2, 224),
(161, 2, 1),
(162, 1, 234),
(163, 5, 299),
(164, 1, 156),
(165, 4, 162),
(166, 2, 170),
(167, 1, 465),
(168, 2, 389),
(169, 1, 267),
(170, 8, 452),
(171, 2, 182),
(172, 3, 331),
(173, 2, 208),
(174, 2, 94),
(175, 7, 417),
(176, 8, 457),
(177, 1, 275),
(178, 2, 45),
(179, 2, 256),
(180, 2, 243),
(181, 3, 312),
(182, 2, 323),
(183, 5, 220),
(184, 1, 236),
(185, 1, 270),
(186, 8, 464),
(187, 2, 319),
(188, 1, 228),
(189, 5, 298),
(190, 2, 260),
(191, 1, 212),
(192, 4, 167),
(193, 3, 321),
(194, 4, 175),
(195, 2, 305),
(196, 2, 271),
(197, 2, 297),
(198, 3, 484),
(199, 2, 207),
(200, 2, 223),
(201, 2, 290),
(202, 3, 324),
(203, 5, 285),
(204, 2, 301),
(205, 8, 461),
(206, 3, 337),
(207, 5, 251),
(208, 2, 190),
(209, 1, 220),
(210, 5, 210),
(211, 1, 294),
(212, 5, 270),
(213, 2, 324),
(214, 2, 115),
(215, 3, 328),
(216, 2, 286),
(217, 2, 42),
(218, 2, 278),
(219, 1, 184),
(220, 5, 253),
(221, 2, 283),
(222, 1, 287),
(223, 2, 86),
(224, 3, 499),
(225, 2, 112),
(226, 2, 55),
(227, 2, 113),
(228, 1, 244),
(229, 5, 237),
(230, 8, 495),
(231, 2, 180),
(232, 1, 258),
(233, 3, 332),
(234, 1, 450),
(235, 8, 480),
(236, 1, 245),
(237, 5, 355),
(238, 1, 251),
(239, 4, 178),
(240, 5, 227),
(241, 1, 274),
(242, 5, 233),
(243, 3, 311),
(244, 2, 31),
(245, 1, 241),
(246, 2, 331),
(247, 5, 212),
(248, 2, 98),
(249, 1, 299),
(250, 2, 366),
(251, 6, 325),
(252, 2, 75),
(253, 2, 299),
(254, 1, 165),
(255, 2, 200),
(256, 3, 307),
(257, 2, 255),
(258, 3, 317),
(259, 2, 167),
(260, 2, 247),
(261, 5, 240),
(262, 2, 275),
(263, 6, 323),
(264, 2, 103),
(265, 10, 433),
(266, 2, 28),
(267, 2, 285),
(268, 2, 36),
(269, 1, 183),
(270, 6, 412),
(271, 2, 142),
(272, 2, 288),
(273, 5, 287),
(274, 1, 160),
(275, 4, 372),
(276, 2, 15),
(277, 3, 489),
(278, 2, 156),
(279, 9, 447),
(280, 3, 473),
(281, 1, 282),
(282, 6, 404),
(283, 5, 262),
(284, 5, 223),
(285, 2, 166),
(286, 2, 281),
(287, 2, 77),
(288, 2, 338),
(289, 2, 181),
(290, 5, 218),
(291, 3, 343),
(292, 4, 376),
(293, 2, 347),
(294, 2, 194),
(295, 2, 398),
(296, 7, 419),
(297, 5, 271),
(298, 2, 326),
(299, 3, 310),
(300, 6, 411),
(301, 1, 269),
(302, 5, 242),
(303, 2, 291),
(304, 2, 289),
(305, 2, 304),
(306, 2, 297),
(307, 2, 378),
(308, 1, 476),
(309, 1, 195),
(310, 5, 356),
(311, 2, 386),
(312, 2, 253),
(313, 2, 107),
(314, 1, 452),
(315, 2, 53),
(316, 1, 186),
(317, 3, 301),
(318, 8, 454),
(319, 2, 265),
(320, 1, 192),
(321, 1, 453),
(322, 2, 244),
(323, 2, 318),
(324, 1, 268),
(325, 5, 367),
(326, 2, 83),
(327, 1, 162),
(328, 5, 246),
(329, 5, 250),
(330, 2, 216),
(331, 1, 204),
(332, 8, 465),
(333, 4, 390),
(334, 2, 18),
(335, 4, 164),
(336, 1, 286),
(337, 2, 276),
(338, 5, 289),
(339, 5, 281),
(340, 2, 233),
(341, 10, 437),
(342, 2, 384),
(343, 1, 257),
(344, 2, 140),
(345, 2, 136),
(346, 2, 66),
(347, 5, 224),
(348, 2, 323),
(349, 3, 474),
(350, 2, 117),
(351, 2, 46),
(352, 5, 297),
(353, 2, 214),
(354, 1, 296),
(355, 2, 73),
(356, 2, 379),
(357, 4, 177),
(358, 2, 174),
(359, 1, 189),
(360, 3, 318),
(361, 2, 308),
(362, 2, 391),
(363, 2, 273),
(364, 5, 215),
(365, 2, 39),
(366, 1, 196),
(367, 2, 54),
(368, 3, 493),
(369, 2, 292),
(370, 5, 352),
(371, 3, 342),
(372, 2, 102),
(373, 2, 390),
(374, 2, 189),
(375, 2, 355),
(376, 2, 92),
(377, 2, 330),
(378, 5, 203),
(379, 2, 128),
(380, 2, 178),
(381, 5, 263),
(382, 2, 280),
(383, 2, 361),
(384, 3, 329),
(385, 5, 226),
(386, 2, 367),
(387, 5, 290),
(388, 2, 302),
(389, 2, 146),
(390, 2, 129),
(391, 1, 277),
(392, 1, 259),
(393, 8, 453),
(394, 2, 213),
(395, 2, 206),
(396, 9, 448),
(397, 2, 387),
(398, 2, 2),
(399, 1, 202),
(400, 9, 446),
(401, 2, 40),
(402, 3, 339),
(403, 2, 141),
(404, 2, 225),
(405, 3, 479),
(406, 2, 388),
(407, 1, 190),
(408, 5, 353),
(409, 2, 205),
(410, 8, 473),
(411, 2, 311),
(412, 3, 316),
(413, 5, 354),
(414, 8, 493),
(415, 2, 234),
(416, 8, 470),
(417, 2, 317),
(418, 2, 321),
(419, 5, 235),
(420, 6, 392),
(421, 2, 248),
(422, 2, 373),
(423, 10, 435),
(424, 8, 483),
(425, 2, 82),
(426, 1, 209),
(427, 2, 177),
(428, 2, 242),
(429, 6, 391),
(430, 1, 225),
(431, 2, 197),
(432, 3, 466),
(433, 2, 267),
(434, 2, 165),
(435, 4, 174),
(436, 2, 302),
(437, 2, 101),
(438, 4, 378),
(439, 1, 471),
(440, 3, 468),
(441, 10, 432),
(442, 5, 234),
(443, 5, 279),
(444, 8, 474),
(445, 5, 291),
(446, 4, 161),
(447, 1, 295),
(448, 2, 316),
(449, 2, 300),
(450, 2, 89),
(451, 2, 221),
(452, 1, 283),
(453, 2, 351),
(454, 2, 266),
(455, 5, 214),
(456, 2, 33),
(457, 2, 296),
(458, 1, 284),
(459, 2, 78),
(460, 2, 196),
(461, 7, 426),
(462, 2, 303),
(463, 2, 368),
(464, 5, 293),
(465, 2, 237),
(466, 1, 180),
(467, 2, 288),
(468, 2, 259),
(469, 5, 276),
(470, 3, 481),
(471, 9, 444),
(472, 5, 269),
(473, 1, 155),
(474, 3, 348),
(475, 2, 51),
(476, 2, 315),
(477, 1, 188),
(478, 1, 218),
(479, 2, 29),
(480, 8, 500),
(481, 1, 229),
(482, 2, 22),
(483, 1, 242),
(484, 4, 172),
(485, 2, 57),
(486, 1, 171),
(487, 2, 240),
(488, 3, 494),
(489, 2, 151),
(490, 5, 350),
(491, 1, 462),
(492, 1, 276),
(493, 2, 119),
(494, 2, 369),
(495, 1, 159),
(496, 2, 192),
(497, 1, 157),
(498, 6, 405),
(499, 2, 56),
(500, 5, 273),
(501, 5, 243),
(502, 3, 472),
(503, 2, 41),
(504, 4, 166),
(505, 1, 223),
(506, 1, 216),
(507, 2, 12),
(508, 2, 150),
(509, 2, 262),
(510, 2, 293),
(511, 7, 427),
(512, 4, 389),
(513, 7, 415),
(514, 2, 392),
(515, 2, 292),
(516, 2, 397),
(517, 1, 151),
(518, 7, 422),
(519, 1, 179),
(520, 1, 254),
(521, 1, 261),
(522, 1, 193),
(523, 1, 253),
(524, 2, 359),
(525, 2, 168),
(526, 3, 323),
(527, 4, 386),
(528, 1, 175),
(529, 1, 233),
(530, 2, 284),
(531, 2, 307),
(532, 3, 304),
(533, 2, 169),
(534, 1, 178),
(535, 5, 202),
(536, 4, 380),
(537, 2, 316),
(538, 2, 340),
(539, 2, 272),
(540, 8, 486),
(541, 2, 287),
(542, 7, 418),
(543, 2, 87),
(544, 4, 370),
(545, 9, 443),
(546, 2, 35),
(547, 2, 289),
(548, 2, 134),
(549, 2, 311),
(550, 5, 294),
(551, 8, 489),
(552, 2, 127),
(553, 5, 358),
(554, 5, 357),
(555, 9, 449),
(556, 2, 353),
(557, 1, 173),
(558, 8, 491),
(559, 3, 476),
(560, 5, 295),
(561, 3, 334),
(562, 1, 181),
(563, 6, 398),
(564, 2, 264),
(565, 2, 230),
(566, 5, 209),
(567, 2, 48),
(568, 4, 381),
(569, 2, 344),
(570, 6, 399),
(571, 5, 244),
(572, 2, 229),
(573, 5, 206),
(574, 8, 485),
(575, 4, 169),
(576, 3, 500),
(577, 10, 436),
(578, 10, 434),
(579, 1, 174),
(580, 8, 494),
(581, 2, 312),
(582, 2, 239),
(583, 6, 330),
(584, 2, 333),
(585, 1, 470),
(586, 2, 261),
(587, 8, 481),
(588, 2, 187),
(589, 2, 385),
(590, 1, 237),
(591, 3, 467),
(592, 2, 63),
(593, 2, 352),
(594, 2, 308),
(595, 1, 271),
(596, 2, 185),
(597, 8, 475),
(598, 5, 225),
(599, 2, 145),
(600, 7, 423),
(601, 2, 279),
(602, 8, 479),
(603, 3, 336),
(604, 2, 357),
(605, 1, 187),
(606, 4, 374),
(607, 2, 332),
(608, 5, 217),
(609, 8, 472),
(610, 1, 198),
(611, 3, 338),
(612, 8, 477),
(613, 3, 496),
(614, 8, 463),
(615, 3, 320),
(616, 6, 321),
(617, 2, 125),
(618, 2, 13),
(619, 3, 495),
(620, 5, 261),
(621, 5, 229),
(622, 1, 280),
(623, 2, 310),
(624, 7, 429),
(625, 2, 380),
(626, 1, 168),
(627, 5, 360),
(628, 8, 488),
(629, 5, 249),
(630, 4, 375),
(631, 2, 322),
(632, 2, 90),
(633, 5, 252),
(634, 7, 431),
(635, 1, 281),
(636, 1, 250),
(637, 1, 459),
(638, 1, 169),
(639, 2, 263),
(640, 2, 238),
(641, 2, 371),
(642, 2, 313),
(643, 2, 337),
(644, 1, 451),
(645, 2, 345),
(646, 8, 484),
(647, 2, 108),
(648, 2, 135),
(649, 2, 85),
(650, 9, 441),
(651, 6, 329),
(652, 2, 375),
(653, 2, 38),
(654, 2, 291),
(655, 8, 476),
(656, 2, 88),
(657, 7, 420),
(658, 1, 292),
(659, 2, 99),
(660, 1, 263),
(661, 2, 91),
(662, 5, 284),
(663, 2, 395),
(664, 3, 482),
(665, 5, 267),
(666, 2, 299),
(667, 6, 406),
(668, 5, 300),
(669, 1, 235),
(670, 1, 191),
(671, 2, 301),
(672, 1, 221),
(673, 2, 322),
(674, 2, 105),
(675, 3, 303),
(676, 2, 202),
(677, 1, 230),
(678, 8, 487),
(679, 8, 455),
(680, 1, 248),
(681, 2, 74),
(682, 2, 219),
(683, 4, 383),
(684, 2, 354),
(685, 2, 157),
(686, 2, 176),
(687, 2, 20),
(688, 2, 321),
(689, 2, 381),
(690, 1, 164),
(691, 2, 310),
(692, 2, 60),
(693, 4, 168),
(694, 1, 247),
(695, 2, 24),
(696, 7, 412),
(697, 5, 204),
(698, 5, 370),
(699, 3, 309),
(700, 2, 154),
(701, 2, 370),
(702, 5, 259),
(703, 10, 439),
(704, 2, 65),
(705, 5, 248),
(706, 1, 290),
(707, 2, 295),
(708, 1, 278),
(709, 4, 170),
(710, 2, 25),
(711, 2, 161),
(712, 2, 30),
(713, 2, 309),
(714, 5, 221),
(715, 3, 344),
(716, 1, 468),
(717, 2, 320),
(718, 4, 165),
(719, 2, 327),
(720, 1, 265),
(721, 3, 498),
(722, 2, 282),
(723, 2, 317),
(724, 3, 349),
(725, 1, 166),
(726, 1, 197),
(727, 2, 62),
(728, 3, 341),
(729, 2, 138),
(730, 2, 163),
(731, 2, 96),
(732, 5, 264),
(733, 1, 214),
(734, 2, 8),
(735, 5, 361),
(736, 2, 27),
(737, 2, 76),
(738, 5, 275),
(739, 5, 369),
(740, 8, 460),
(741, 3, 314),
(742, 5, 266),
(743, 6, 395),
(744, 2, 356),
(745, 4, 163),
(746, 5, 230),
(747, 5, 278),
(748, 3, 319),
(749, 2, 226),
(750, 2, 241),
(751, 2, 95),
(752, 3, 350),
(753, 2, 6),
(754, 8, 468),
(755, 1, 289),
(756, 4, 387),
(757, 4, 371),
(758, 5, 256),
(759, 1, 300),
(760, 2, 377),
(761, 1, 176),
(762, 2, 4),
(763, 1, 172),
(764, 2, 23),
(765, 1, 464),
(766, 2, 315),
(767, 2, 307),
(768, 2, 362),
(769, 2, 131),
(770, 5, 239),
(771, 2, 104),
(772, 3, 326),
(773, 2, 124),
(774, 2, 325),
(775, 2, 218),
(776, 2, 305),
(777, 2, 252),
(778, 4, 373),
(779, 2, 32),
(780, 1, 458),
(781, 1, 154),
(782, 1, 469),
(783, 8, 467),
(784, 1, 297),
(785, 8, 498),
(786, 5, 201),
(787, 1, 252),
(788, 1, 231),
(789, 8, 496),
(790, 2, 3),
(791, 2, 198),
(792, 2, 358),
(793, 5, 205),
(794, 2, 228),
(795, 2, 44),
(796, 2, 160),
(797, 5, 365),
(798, 2, 34),
(799, 2, 111),
(800, 6, 410),
(801, 3, 478),
(802, 3, 492),
(803, 2, 155),
(804, 2, 64),
(805, 4, 171),
(806, 2, 58),
(807, 2, 130),
(808, 5, 362),
(809, 7, 428),
(810, 1, 227),
(811, 2, 296),
(812, 1, 461),
(813, 2, 149),
(814, 2, 343),
(815, 1, 199),
(816, 6, 407),
(817, 2, 123),
(818, 2, 172),
(819, 2, 290),
(820, 1, 467),
(821, 4, 379),
(822, 1, 472),
(823, 2, 303),
(824, 3, 335),
(825, 6, 328),
(826, 2, 193),
(827, 5, 213),
(828, 2, 298),
(829, 4, 385),
(830, 2, 268),
(831, 2, 212),
(832, 2, 143),
(833, 5, 282),
(834, 4, 160),
(835, 2, 93),
(836, 1, 273),
(837, 1, 177),
(838, 2, 313),
(839, 2, 147),
(840, 2, 309),
(841, 1, 217),
(842, 5, 363),
(843, 1, 466),
(844, 8, 497),
(845, 1, 170),
(846, 2, 173),
(847, 2, 246),
(848, 3, 497),
(849, 2, 184),
(850, 1, 200),
(851, 5, 280),
(852, 2, 100),
(853, 2, 318),
(854, 2, 320),
(855, 5, 245),
(856, 7, 416),
(857, 2, 328),
(858, 8, 459),
(859, 2, 188),
(860, 3, 302),
(861, 1, 272),
(862, 2, 126),
(863, 1, 207),
(864, 2, 393),
(865, 1, 262),
(866, 5, 366),
(867, 3, 485),
(868, 2, 304),
(869, 6, 326),
(870, 6, 394),
(871, 3, 470),
(872, 2, 203),
(873, 2, 137),
(874, 8, 458),
(875, 2, 348),
(876, 2, 67),
(877, 2, 341),
(878, 3, 475),
(879, 2, 81),
(880, 2, 312),
(881, 2, 50),
(882, 2, 254),
(883, 6, 397),
(884, 2, 144),
(885, 5, 292),
(886, 5, 231),
(887, 7, 421),
(888, 5, 260),
(889, 8, 469),
(890, 2, 329),
(891, 2, 217),
(892, 5, 236),
(893, 8, 478),
(894, 2, 43),
(895, 5, 268),
(896, 1, 264),
(897, 2, 300),
(898, 3, 345),
(899, 8, 499),
(900, 2, 70),
(901, 2, 186),
(902, 2, 220),
(903, 2, 350),
(904, 2, 162),
(905, 2, 153),
(906, 2, 210),
(907, 5, 200),
(908, 3, 327),
(909, 2, 400),
(910, 2, 106),
(911, 2, 232),
(912, 1, 194),
(913, 8, 492),
(914, 5, 265),
(915, 3, 469),
(916, 8, 456),
(917, 2, 148),
(918, 2, 195),
(919, 5, 296),
(920, 2, 336),
(921, 2, 294),
(922, 2, 120),
(923, 4, 173),
(924, 2, 5),
(925, 2, 349),
(926, 3, 487),
(927, 1, 222),
(928, 1, 256),
(929, 2, 37),
(930, 3, 490),
(931, 5, 207),
(932, 6, 396),
(933, 8, 466),
(934, 1, 215),
(935, 2, 97),
(936, 2, 9),
(937, 2, 21),
(938, 2, 324),
(939, 6, 403),
(940, 1, 298),
(941, 6, 390),
(942, 8, 462),
(943, 6, 401),
(944, 3, 322),
(945, 3, 330),
(946, 1, 239),
(947, 6, 402),
(948, 2, 382),
(949, 2, 7),
(950, 2, 19),
(951, 2, 334),
(952, 2, 257),
(953, 5, 216),
(954, 1, 288),
(955, 1, 185),
(956, 2, 372),
(957, 2, 339),
(958, 2, 319),
(959, 5, 364),
(960, 2, 209),
(961, 2, 335),
(962, 1, 455),
(963, 4, 384),
(964, 5, 238),
(965, 2, 298),
(966, 7, 430),
(967, 1, 463),
(968, 2, 110),
(969, 2, 306),
(970, 5, 247),
(971, 5, 274),
(972, 2, 61),
(973, 3, 325),
(974, 1, 285),
(975, 2, 222),
(976, 3, 346),
(977, 2, 396),
(978, 1, 291),
(979, 1, 210),
(980, 1, 201),
(981, 9, 440),
(982, 4, 388),
(983, 2, 179),
(984, 2, 346);

-- --------------------------------------------------------

--
-- Structure de la table `participate`
--

CREATE TABLE `participate` (
  `id_perf` int(11) NOT NULL,
  `id_specialisation` int(11) NOT NULL
) ENGINE=InnoDB DEFAULT CHARSET=utf8mb4 COLLATE=utf8mb4_general_ci;

--
-- Déchargement des données de la table `participate`
--

INSERT INTO `participate` (`id_perf`, `id_specialisation`) VALUES
(1, 2),
(1, 19),
(1, 35),
(1, 178),
(1, 223),
(1, 247),
(1, 327),
(1, 611),
(1, 646),
(1, 744),
(1, 762),
(1, 785),
(1, 787),
(1, 814),
(1, 854),
(1, 864),
(2, 75),
(2, 123),
(2, 175),
(2, 318),
(2, 417),
(2, 431),
(2, 536),
(2, 704),
(3, 131),
(3, 339),
(3, 472),
(3, 575),
(3, 684),
(3, 731),
(3, 770),
(3, 784),
(3, 884),
(3, 890),
(4, 66),
(4, 114),
(4, 137),
(4, 170),
(4, 179),
(4, 243),
(4, 259),
(4, 399),
(4, 463),
(4, 468),
(4, 603),
(4, 654),
(4, 698),
(4, 709),
(4, 816),
(4, 931),
(5, 40),
(5, 73),
(5, 298),
(5, 361),
(5, 393),
(5, 592),
(5, 598),
(5, 599),
(5, 652),
(5, 699),
(5, 795),
(5, 891),
(5, 932),
(5, 937),
(6, 62),
(6, 96),
(6, 111),
(6, 182),
(6, 224),
(6, 461),
(6, 522),
(6, 647),
(6, 650),
(6, 807),
(6, 810),
(7, 44),
(7, 72),
(7, 113),
(7, 116),
(7, 180),
(7, 208),
(7, 261),
(7, 289),
(7, 351),
(7, 390),
(7, 446),
(7, 678),
(7, 721),
(7, 764),
(7, 804),
(7, 828),
(7, 836),
(7, 846),
(7, 868),
(7, 908),
(7, 921),
(8, 49),
(8, 50),
(8, 101),
(8, 305),
(8, 733),
(9, 5),
(9, 23),
(9, 81),
(9, 209),
(9, 337),
(9, 443),
(9, 502),
(9, 624),
(9, 660),
(9, 745),
(9, 812),
(9, 866),
(9, 925),
(10, 26),
(10, 237),
(10, 402),
(10, 615),
(10, 667),
(10, 825),
(10, 913),
(11, 139),
(11, 145),
(11, 407),
(11, 408),
(11, 430),
(11, 596),
(11, 644),
(11, 649),
(11, 702),
(11, 826),
(12, 67),
(12, 141),
(12, 171),
(12, 206),
(12, 212),
(12, 215),
(12, 220),
(12, 475),
(12, 519),
(12, 560),
(12, 625),
(12, 720),
(12, 747),
(12, 799),
(12, 912),
(13, 41),
(13, 229),
(13, 302),
(13, 387),
(13, 437),
(13, 484),
(13, 513),
(13, 716),
(13, 736),
(13, 746),
(13, 821),
(13, 841),
(13, 904),
(13, 926),
(14, 129),
(14, 161),
(14, 375),
(14, 401),
(14, 551),
(14, 591),
(14, 800),
(14, 835),
(14, 848),
(14, 881),
(14, 898),
(14, 940),
(15, 38),
(15, 130),
(15, 342),
(15, 453),
(15, 532),
(15, 566),
(15, 679),
(15, 818),
(15, 917),
(16, 294),
(16, 335),
(16, 460),
(16, 483),
(16, 485),
(16, 597),
(16, 714),
(16, 753),
(17, 244),
(17, 434),
(17, 657),
(17, 766),
(18, 52),
(18, 68),
(18, 135),
(18, 204),
(18, 248),
(18, 353),
(18, 354),
(18, 629),
(18, 772),
(18, 813),
(18, 820),
(18, 875),
(18, 882),
(18, 919),
(19, 7),
(19, 99),
(19, 177),
(19, 187),
(19, 211),
(19, 219),
(19, 279),
(19, 313),
(19, 320),
(19, 332),
(19, 428),
(19, 527),
(19, 618),
(19, 817),
(19, 842),
(19, 845),
(20, 31),
(20, 189),
(20, 214),
(20, 251),
(20, 336),
(20, 418),
(20, 441),
(20, 495),
(20, 505),
(20, 593),
(21, 63),
(21, 69),
(21, 156),
(21, 159),
(21, 174),
(21, 242),
(21, 300),
(21, 331),
(21, 344),
(21, 347),
(21, 359),
(21, 429),
(21, 469),
(21, 488),
(21, 511),
(21, 534),
(21, 605),
(21, 691),
(21, 693),
(21, 802),
(21, 815),
(21, 900),
(21, 918),
(22, 46),
(22, 117),
(22, 217),
(22, 377),
(22, 426),
(22, 510),
(22, 590),
(22, 834),
(22, 860),
(23, 37),
(23, 74),
(23, 92),
(23, 134),
(23, 142),
(23, 385),
(23, 492),
(23, 602),
(23, 763),
(23, 809),
(23, 902),
(24, 28),
(24, 498),
(24, 517),
(25, 78),
(25, 87),
(25, 152),
(25, 222),
(25, 233),
(25, 438),
(25, 481),
(25, 645),
(25, 677),
(25, 690),
(25, 719),
(25, 761),
(25, 822),
(25, 831),
(25, 938),
(26, 88),
(26, 316),
(26, 317),
(26, 470),
(26, 538),
(26, 628),
(26, 743),
(26, 827),
(26, 923),
(26, 924),
(27, 70),
(27, 79),
(27, 333),
(27, 357),
(27, 436),
(27, 524),
(27, 571),
(27, 594),
(27, 620),
(27, 844),
(27, 896),
(28, 218),
(28, 263),
(28, 380),
(28, 389),
(28, 398),
(28, 549),
(28, 578),
(28, 585),
(28, 760),
(28, 895),
(28, 922),
(29, 104),
(29, 144),
(29, 169),
(29, 230),
(29, 356),
(29, 442),
(29, 552),
(29, 797),
(29, 840),
(30, 190),
(30, 268),
(30, 537),
(30, 633),
(30, 757),
(30, 801),
(30, 907),
(31, 6),
(31, 85),
(31, 118),
(31, 355),
(31, 370),
(31, 424),
(31, 476),
(31, 792),
(31, 837),
(32, 29),
(32, 83),
(32, 153),
(32, 345),
(32, 386),
(32, 497),
(32, 542),
(32, 626),
(32, 635),
(33, 18),
(33, 47),
(33, 120),
(33, 146),
(33, 282),
(33, 343),
(33, 459),
(33, 473),
(33, 477),
(33, 543),
(33, 663),
(33, 786),
(33, 811),
(33, 857),
(34, 143),
(34, 147),
(34, 196),
(34, 260),
(34, 271),
(34, 280),
(34, 325),
(34, 457),
(34, 521),
(34, 555),
(34, 579),
(34, 632),
(34, 713),
(34, 741),
(35, 4),
(35, 228),
(35, 451),
(35, 452),
(35, 486),
(35, 544),
(35, 546),
(35, 685),
(35, 752),
(36, 3),
(36, 15),
(36, 57),
(36, 107),
(36, 270),
(36, 291),
(36, 334),
(36, 382),
(36, 535),
(36, 666),
(36, 718),
(36, 723),
(36, 726),
(37, 76),
(37, 213),
(37, 245),
(37, 255),
(37, 283),
(37, 292),
(37, 329),
(37, 338),
(37, 480),
(37, 883),
(37, 885),
(38, 1),
(38, 90),
(38, 119),
(38, 267),
(38, 295),
(38, 297),
(38, 314),
(38, 369),
(38, 450),
(38, 456),
(38, 717),
(38, 767),
(38, 788),
(38, 886),
(39, 65),
(39, 106),
(39, 253),
(39, 287),
(39, 363),
(39, 420),
(39, 479),
(39, 520),
(39, 662),
(39, 694),
(39, 725),
(39, 755),
(39, 839),
(39, 879),
(39, 910),
(39, 916),
(39, 929),
(40, 56),
(40, 91),
(40, 158),
(40, 172),
(40, 197),
(40, 203),
(40, 257),
(40, 324),
(40, 395),
(40, 415),
(40, 471),
(40, 545),
(40, 715),
(40, 806),
(40, 876),
(41, 105),
(41, 151),
(41, 202),
(41, 304),
(41, 365),
(41, 487),
(41, 874),
(41, 906),
(42, 11),
(42, 439),
(42, 466),
(42, 478),
(42, 503),
(42, 607),
(42, 614),
(42, 730),
(42, 781),
(42, 849),
(43, 163),
(43, 191),
(43, 227),
(43, 366),
(43, 444),
(43, 573),
(43, 583),
(43, 734),
(44, 97),
(44, 157),
(44, 167),
(44, 266),
(44, 290),
(44, 372),
(44, 376),
(44, 409),
(44, 411),
(44, 435),
(44, 588),
(44, 638),
(44, 928),
(45, 20),
(45, 150),
(45, 184),
(45, 241),
(45, 284),
(45, 328),
(45, 819),
(46, 54),
(46, 286),
(46, 321),
(46, 406),
(46, 494),
(46, 550),
(46, 604),
(46, 705),
(46, 727),
(46, 728),
(46, 794),
(46, 939),
(47, 24),
(47, 84),
(47, 176),
(47, 195),
(47, 340),
(47, 531),
(47, 584),
(47, 640),
(47, 674),
(47, 903),
(48, 9),
(48, 48),
(48, 86),
(48, 160),
(48, 231),
(48, 254),
(48, 275),
(48, 319),
(48, 323),
(48, 404),
(48, 410),
(48, 448),
(48, 680),
(48, 707),
(48, 775),
(49, 238),
(49, 529),
(49, 539),
(49, 600),
(49, 617),
(49, 873),
(50, 12),
(50, 13),
(50, 32),
(50, 61),
(50, 89),
(50, 501),
(50, 576),
(50, 853),
(51, 42),
(51, 64),
(51, 121),
(51, 166),
(51, 225),
(51, 367),
(51, 388),
(51, 462),
(51, 504),
(51, 572),
(51, 580),
(51, 740),
(51, 862),
(52, 506),
(52, 608),
(52, 610),
(52, 664),
(52, 711),
(52, 829),
(52, 861),
(53, 16),
(53, 95),
(53, 308),
(53, 642),
(53, 771),
(54, 103),
(54, 127),
(54, 216),
(54, 278),
(54, 349),
(54, 427),
(54, 482),
(54, 530),
(54, 568),
(54, 606),
(54, 658),
(54, 670),
(54, 681),
(54, 688),
(54, 692),
(54, 724),
(54, 765),
(54, 783),
(54, 796),
(54, 798),
(54, 859),
(54, 869),
(54, 897),
(54, 935),
(55, 373),
(55, 533),
(55, 675),
(55, 856),
(55, 892),
(56, 312),
(56, 341),
(56, 449),
(56, 490),
(56, 586),
(56, 655),
(56, 824),
(56, 843),
(56, 871),
(57, 14),
(57, 140),
(57, 173),
(57, 234),
(57, 235),
(57, 262),
(57, 392),
(57, 422),
(57, 458),
(57, 499),
(57, 659),
(57, 708),
(57, 735),
(57, 738),
(57, 793),
(57, 847),
(57, 855),
(57, 872),
(58, 25),
(58, 100),
(58, 112),
(58, 358),
(58, 364),
(58, 518),
(58, 616),
(58, 672),
(58, 880),
(58, 920),
(59, 43),
(59, 138),
(59, 148),
(59, 192),
(59, 239),
(59, 285),
(59, 311),
(59, 326),
(59, 394),
(59, 413),
(59, 507),
(59, 577),
(59, 630),
(59, 689),
(59, 710),
(59, 769),
(59, 915),
(60, 21),
(60, 98),
(60, 621),
(60, 867),
(61, 27),
(61, 193),
(61, 352),
(61, 383),
(61, 500),
(61, 512),
(61, 695),
(61, 901),
(62, 10),
(62, 22),
(62, 631),
(62, 754),
(62, 759),
(62, 823),
(62, 870),
(63, 55),
(63, 124),
(63, 293),
(63, 491),
(63, 509),
(63, 528),
(63, 582),
(63, 609),
(63, 737),
(63, 911),
(63, 914),
(64, 33),
(64, 133),
(64, 198),
(64, 281),
(64, 554),
(64, 627),
(64, 909),
(65, 109),
(65, 194),
(65, 205),
(65, 360),
(65, 381),
(65, 414),
(65, 425),
(65, 489),
(65, 563),
(65, 634),
(65, 865),
(65, 888),
(66, 186),
(66, 790),
(67, 8),
(67, 122),
(67, 154),
(67, 412),
(67, 474),
(67, 514),
(67, 558),
(67, 668),
(67, 729),
(68, 53),
(68, 221),
(68, 265),
(68, 330),
(68, 378),
(68, 516),
(68, 601),
(68, 639),
(68, 773),
(68, 803),
(68, 878),
(69, 400),
(69, 405),
(69, 432),
(69, 447),
(69, 464),
(69, 758),
(69, 789),
(70, 36),
(70, 45),
(70, 71),
(70, 162),
(70, 272),
(70, 523),
(70, 703),
(70, 778),
(70, 905),
(70, 933),
(71, 58),
(71, 80),
(71, 210),
(71, 236),
(71, 246),
(71, 256),
(71, 423),
(71, 651),
(71, 832),
(71, 863),
(71, 934),
(72, 60),
(72, 164),
(72, 309),
(72, 416),
(72, 541),
(72, 643),
(72, 648),
(72, 768),
(72, 791),
(72, 858),
(72, 893),
(73, 128),
(73, 183),
(73, 258),
(73, 273),
(73, 276),
(73, 296),
(73, 303),
(73, 350),
(73, 379),
(73, 419),
(73, 548),
(73, 561),
(73, 700),
(73, 706),
(73, 751),
(74, 125),
(74, 199),
(74, 226),
(74, 240),
(74, 269),
(74, 288),
(74, 362),
(74, 508),
(74, 547),
(74, 565),
(74, 612),
(74, 622),
(74, 665),
(74, 696),
(74, 833),
(74, 930),
(75, 59),
(75, 77),
(75, 149),
(75, 185),
(75, 250),
(75, 264),
(75, 465),
(75, 559),
(75, 562),
(75, 581),
(75, 587),
(76, 17),
(76, 51),
(76, 181),
(76, 307),
(76, 374),
(76, 564),
(76, 637),
(76, 641),
(76, 673),
(76, 742),
(76, 838),
(77, 82),
(77, 110),
(77, 136),
(77, 168),
(77, 188),
(77, 371),
(77, 455),
(77, 496),
(77, 553),
(77, 574),
(77, 676),
(77, 712),
(77, 749),
(78, 30),
(78, 39),
(78, 126),
(78, 155),
(78, 165),
(78, 200),
(78, 310),
(78, 346),
(78, 348),
(78, 445),
(78, 454),
(78, 570),
(78, 748),
(78, 936),
(79, 391),
(79, 493),
(79, 595),
(79, 661),
(79, 852),
(79, 889),
(80, 108),
(80, 115),
(80, 132),
(80, 277),
(80, 301),
(80, 322),
(80, 396),
(80, 397),
(80, 440),
(80, 467),
(80, 525),
(80, 656),
(80, 701),
(80, 739),
(80, 776),
(80, 899),
(81, 34),
(81, 94),
(81, 102),
(81, 232),
(81, 274),
(81, 613),
(81, 623),
(81, 636),
(81, 653),
(81, 669),
(81, 671),
(81, 805),
(81, 808),
(81, 830),
(81, 850),
(81, 851),
(81, 894),
(82, 368),
(82, 403),
(82, 433),
(82, 526),
(82, 540),
(82, 589),
(82, 619),
(82, 687),
(82, 722),
(82, 756),
(82, 877),
(83, 299),
(83, 315),
(83, 515),
(83, 567),
(83, 683),
(83, 686),
(83, 697),
(83, 777),
(83, 782),
(84, 93),
(84, 201),
(84, 207),
(84, 249),
(84, 252),
(84, 306),
(84, 384),
(84, 421),
(84, 556),
(84, 557),
(84, 569),
(84, 682),
(84, 732),
(84, 750),
(84, 774),
(84, 779),
(84, 780),
(84, 887),
(84, 927);

-- --------------------------------------------------------

--
-- Structure de la table `perform`
--

CREATE TABLE `perform` (
  `id_perf` int(11) NOT NULL,
  `id_musician` int(11) NOT NULL
) ENGINE=InnoDB DEFAULT CHARSET=utf8mb4 COLLATE=utf8mb4_general_ci;

--
-- Déchargement des données de la table `perform`
--

INSERT INTO `perform` (`id_perf`, `id_musician`) VALUES
(1, 12),
(1, 31),
(1, 122),
(1, 137),
(1, 158),
(1, 232),
(1, 441),
(1, 493),
(1, 588),
(1, 605),
(1, 663),
(1, 743),
(1, 786),
(2, 23),
(2, 53),
(2, 356),
(2, 366),
(2, 460),
(2, 640),
(2, 719),
(3, 103),
(3, 162),
(3, 178),
(3, 215),
(3, 286),
(3, 339),
(3, 415),
(3, 442),
(3, 627),
(3, 635),
(4, 22),
(4, 56),
(4, 63),
(4, 201),
(4, 207),
(4, 238),
(4, 301),
(4, 387),
(4, 405),
(4, 472),
(4, 548),
(4, 602),
(4, 633),
(4, 706),
(4, 777),
(4, 787),
(5, 150),
(5, 155),
(5, 289),
(5, 557),
(5, 562),
(5, 584),
(5, 730),
(5, 745),
(6, 64),
(6, 205),
(6, 231),
(6, 255),
(6, 266),
(6, 277),
(6, 450),
(6, 466),
(6, 485),
(6, 551),
(6, 597),
(6, 692),
(7, 94),
(7, 133),
(7, 268),
(7, 276),
(7, 302),
(7, 409),
(7, 412),
(7, 428),
(7, 448),
(7, 462),
(7, 483),
(7, 513),
(7, 537),
(7, 558),
(7, 675),
(7, 700),
(7, 769),
(7, 781),
(7, 793),
(8, 43),
(8, 59),
(8, 270),
(8, 345),
(8, 696),
(8, 798),
(9, 66),
(9, 79),
(9, 180),
(9, 258),
(9, 417),
(9, 424),
(9, 459),
(9, 501),
(9, 603),
(9, 617),
(9, 656),
(9, 710),
(9, 723),
(10, 42),
(10, 192),
(10, 259),
(10, 423),
(10, 461),
(10, 771),
(11, 30),
(11, 49),
(11, 139),
(11, 240),
(11, 243),
(11, 411),
(11, 549),
(11, 799),
(12, 84),
(12, 214),
(12, 290),
(12, 471),
(12, 478),
(12, 564),
(12, 686),
(12, 732),
(12, 761),
(12, 775),
(13, 19),
(13, 34),
(13, 382),
(13, 490),
(13, 522),
(13, 610),
(13, 618),
(13, 622),
(13, 642),
(13, 752),
(13, 791),
(14, 130),
(14, 170),
(14, 216),
(14, 314),
(14, 336),
(14, 399),
(14, 477),
(14, 535),
(14, 676),
(15, 147),
(15, 401),
(15, 536),
(15, 625),
(15, 647),
(15, 681),
(15, 760),
(16, 99),
(16, 217),
(16, 318),
(16, 333),
(16, 368),
(16, 373),
(16, 414),
(17, 244),
(17, 390),
(17, 518),
(17, 728),
(18, 13),
(18, 48),
(18, 193),
(18, 228),
(18, 280),
(18, 316),
(18, 322),
(18, 410),
(18, 418),
(18, 571),
(18, 616),
(18, 667),
(18, 688),
(19, 28),
(19, 67),
(19, 73),
(19, 83),
(19, 98),
(19, 168),
(19, 186),
(19, 271),
(19, 330),
(19, 378),
(19, 422),
(19, 506),
(19, 512),
(19, 540),
(19, 682),
(19, 765),
(19, 778),
(20, 80),
(20, 275),
(20, 311),
(20, 527),
(21, 26),
(21, 101),
(21, 109),
(21, 220),
(21, 312),
(21, 319),
(21, 473),
(21, 486),
(21, 516),
(21, 523),
(21, 592),
(21, 687),
(21, 720),
(22, 2),
(22, 175),
(22, 251),
(22, 413),
(22, 608),
(22, 684),
(22, 774),
(23, 92),
(23, 113),
(23, 291),
(23, 344),
(23, 447),
(23, 560),
(23, 674),
(23, 707),
(24, 265),
(24, 406),
(24, 545),
(25, 8),
(25, 41),
(25, 88),
(25, 96),
(25, 156),
(25, 194),
(25, 323),
(25, 360),
(25, 528),
(25, 612),
(25, 629),
(25, 630),
(25, 652),
(26, 9),
(26, 82),
(26, 123),
(26, 577),
(27, 14),
(27, 190),
(27, 494),
(27, 567),
(27, 568),
(27, 689),
(27, 739),
(28, 33),
(28, 208),
(28, 211),
(28, 242),
(28, 340),
(28, 407),
(28, 529),
(28, 550),
(29, 90),
(29, 402),
(29, 503),
(29, 525),
(29, 626),
(29, 632),
(29, 693),
(30, 24),
(30, 300),
(30, 475),
(30, 615),
(30, 699),
(30, 713),
(30, 717),
(31, 135),
(31, 245),
(31, 353),
(31, 455),
(31, 733),
(31, 750),
(32, 32),
(32, 144),
(32, 371),
(32, 381),
(32, 639),
(32, 657),
(32, 660),
(33, 44),
(33, 74),
(33, 81),
(33, 204),
(33, 223),
(33, 256),
(33, 282),
(33, 317),
(33, 367),
(33, 453),
(33, 531),
(33, 671),
(33, 767),
(34, 20),
(34, 55),
(34, 124),
(34, 189),
(34, 222),
(34, 248),
(34, 273),
(34, 310),
(34, 439),
(34, 541),
(34, 644),
(34, 744),
(35, 57),
(35, 100),
(35, 173),
(35, 198),
(35, 431),
(35, 498),
(35, 646),
(35, 659),
(35, 726),
(36, 7),
(36, 18),
(36, 75),
(36, 86),
(36, 234),
(36, 328),
(36, 343),
(36, 554),
(36, 604),
(36, 780),
(37, 141),
(37, 283),
(37, 370),
(37, 488),
(37, 509),
(37, 578),
(37, 580),
(37, 593),
(37, 740),
(38, 29),
(38, 142),
(38, 307),
(38, 335),
(38, 438),
(38, 443),
(38, 561),
(38, 601),
(38, 641),
(38, 645),
(38, 690),
(38, 757),
(39, 35),
(39, 37),
(39, 61),
(39, 62),
(39, 76),
(39, 107),
(39, 152),
(39, 153),
(39, 191),
(39, 247),
(39, 355),
(39, 391),
(39, 670),
(39, 741),
(40, 104),
(40, 116),
(40, 229),
(40, 292),
(40, 294),
(40, 324),
(40, 329),
(40, 465),
(40, 590),
(40, 636),
(41, 1),
(41, 110),
(41, 134),
(41, 260),
(41, 305),
(41, 313),
(41, 419),
(41, 532),
(41, 628),
(41, 669),
(41, 694),
(41, 797),
(42, 111),
(42, 115),
(42, 143),
(42, 354),
(42, 457),
(42, 497),
(42, 685),
(42, 795),
(43, 148),
(43, 543),
(43, 582),
(43, 600),
(43, 770),
(44, 38),
(44, 182),
(44, 225),
(44, 239),
(44, 263),
(44, 298),
(44, 348),
(44, 380),
(44, 526),
(44, 534),
(44, 599),
(44, 772),
(45, 226),
(45, 357),
(45, 427),
(45, 470),
(45, 587),
(45, 661),
(45, 779),
(46, 39),
(46, 128),
(46, 185),
(46, 212),
(46, 440),
(46, 451),
(46, 519),
(46, 672),
(46, 714),
(46, 716),
(46, 754),
(47, 47),
(47, 69),
(47, 364),
(47, 574),
(47, 653),
(47, 731),
(47, 788),
(48, 4),
(48, 10),
(48, 218),
(48, 279),
(48, 474),
(48, 495),
(48, 596),
(48, 708),
(48, 747),
(49, 5),
(49, 120),
(49, 293),
(49, 463),
(49, 552),
(49, 569),
(49, 715),
(49, 729),
(50, 132),
(50, 138),
(50, 437),
(50, 524),
(50, 553),
(50, 634),
(50, 762),
(50, 792),
(51, 85),
(51, 97),
(51, 119),
(51, 202),
(51, 213),
(51, 241),
(51, 308),
(51, 404),
(51, 430),
(51, 559),
(51, 598),
(51, 655),
(51, 768),
(52, 321),
(52, 379),
(52, 393),
(52, 432),
(53, 181),
(53, 581),
(53, 591),
(53, 614),
(53, 783),
(53, 800),
(54, 21),
(54, 114),
(54, 146),
(54, 250),
(54, 285),
(54, 358),
(54, 363),
(54, 435),
(54, 500),
(54, 504),
(54, 539),
(54, 579),
(54, 725),
(54, 764),
(55, 252),
(55, 288),
(55, 420),
(55, 514),
(55, 611),
(56, 131),
(56, 227),
(56, 237),
(56, 264),
(56, 351),
(56, 375),
(56, 425),
(56, 555),
(57, 15),
(57, 27),
(57, 87),
(57, 118),
(57, 166),
(57, 172),
(57, 206),
(57, 246),
(57, 287),
(57, 349),
(57, 444),
(57, 464),
(57, 481),
(57, 484),
(57, 510),
(57, 570),
(57, 572),
(57, 621),
(57, 643),
(57, 678),
(57, 709),
(57, 763),
(58, 167),
(58, 179),
(58, 309),
(58, 332),
(58, 758),
(59, 17),
(59, 68),
(59, 89),
(59, 199),
(59, 219),
(59, 304),
(59, 338),
(59, 389),
(59, 499),
(59, 547),
(59, 755),
(60, 50),
(60, 454),
(60, 721),
(60, 742),
(60, 785),
(61, 129),
(61, 315),
(61, 376),
(61, 384),
(61, 397),
(61, 651),
(61, 756),
(62, 303),
(62, 445),
(62, 624),
(62, 654),
(62, 751),
(63, 25),
(63, 165),
(63, 200),
(63, 284),
(63, 327),
(63, 361),
(63, 388),
(63, 436),
(63, 491),
(63, 505),
(63, 594),
(64, 11),
(64, 40),
(64, 174),
(64, 187),
(64, 257),
(64, 748),
(64, 773),
(65, 159),
(65, 169),
(65, 269),
(65, 421),
(65, 433),
(65, 449),
(65, 665),
(65, 668),
(65, 680),
(65, 705),
(65, 759),
(66, 117),
(66, 325),
(66, 386),
(66, 695),
(66, 737),
(67, 102),
(67, 112),
(67, 163),
(67, 235),
(67, 249),
(67, 253),
(67, 372),
(67, 631),
(67, 650),
(67, 666),
(67, 673),
(68, 51),
(68, 295),
(68, 369),
(68, 403),
(68, 456),
(68, 508),
(68, 515),
(68, 563),
(68, 658),
(68, 782),
(69, 72),
(69, 106),
(69, 233),
(69, 416),
(69, 585),
(69, 589),
(69, 606),
(69, 607),
(69, 703),
(70, 77),
(70, 136),
(70, 160),
(70, 341),
(70, 347),
(70, 480),
(70, 576),
(70, 637),
(70, 736),
(71, 45),
(71, 93),
(71, 95),
(71, 176),
(71, 203),
(71, 261),
(71, 267),
(71, 392),
(71, 468),
(71, 487),
(71, 649),
(71, 702),
(72, 36),
(72, 52),
(72, 149),
(72, 154),
(72, 396),
(72, 398),
(72, 476),
(72, 520),
(72, 613),
(72, 664),
(72, 766),
(72, 789),
(73, 78),
(73, 177),
(73, 183),
(73, 209),
(73, 210),
(73, 262),
(73, 362),
(73, 429),
(73, 489),
(73, 517),
(73, 546),
(73, 738),
(74, 145),
(74, 151),
(74, 254),
(74, 342),
(74, 365),
(74, 383),
(74, 395),
(74, 434),
(74, 573),
(74, 712),
(74, 718),
(74, 735),
(75, 70),
(75, 121),
(75, 197),
(75, 224),
(75, 299),
(75, 306),
(75, 346),
(75, 352),
(75, 623),
(75, 679),
(75, 683),
(75, 691),
(75, 784),
(76, 46),
(76, 71),
(76, 221),
(76, 400),
(76, 452),
(76, 533),
(76, 565),
(76, 575),
(76, 638),
(76, 677),
(76, 746),
(77, 16),
(77, 108),
(77, 320),
(77, 326),
(77, 394),
(77, 479),
(77, 496),
(77, 538),
(77, 648),
(78, 3),
(78, 6),
(78, 58),
(78, 161),
(78, 188),
(78, 195),
(78, 296),
(78, 334),
(78, 385),
(78, 511),
(78, 542),
(78, 749),
(78, 776),
(78, 794),
(79, 105),
(79, 272),
(79, 467),
(80, 54),
(80, 126),
(80, 164),
(80, 278),
(80, 331),
(80, 446),
(80, 458),
(80, 482),
(80, 507),
(80, 530),
(80, 662),
(80, 697),
(80, 711),
(81, 196),
(81, 274),
(81, 297),
(81, 408),
(81, 521),
(81, 544),
(81, 556),
(81, 586),
(81, 595),
(81, 620),
(81, 698),
(81, 701),
(81, 704),
(81, 727),
(81, 753),
(81, 796),
(82, 60),
(82, 91),
(82, 140),
(82, 171),
(82, 350),
(83, 65),
(83, 125),
(83, 127),
(83, 184),
(83, 230),
(83, 236),
(83, 502),
(83, 609),
(83, 619),
(83, 790),
(84, 157),
(84, 281),
(84, 337),
(84, 359),
(84, 374),
(84, 377),
(84, 426),
(84, 469),
(84, 492),
(84, 566),
(84, 583),
(84, 722),
(84, 724),
(84, 734);

-- --------------------------------------------------------

--
-- Structure de la table `performance`
--

CREATE TABLE `performance` (
  `id_perf` int(11) NOT NULL,
  `date_perf` date NOT NULL,
  `start_time_perf` time NOT NULL,
  `end_time_perf` time NOT NULL,
  `id_fest` int(11) NOT NULL,
  `id_band` int(11) NOT NULL
) ENGINE=InnoDB DEFAULT CHARSET=utf8mb4 COLLATE=utf8mb4_general_ci;

--
-- Déchargement des données de la table `performance`
--

INSERT INTO `performance` (`id_perf`, `date_perf`, `start_time_perf`, `end_time_perf`, `id_fest`, `id_band`) VALUES
(1, '2023-08-26', '13:00:00', '14:30:00', 1, 4),
(2, '2023-08-26', '15:00:00', '16:30:00', 1, 20),
(3, '2023-08-26', '17:00:00', '18:30:00', 1, 2),
(4, '2023-08-26', '19:00:00', '19:30:00', 1, 34),
(5, '2023-08-27', '13:00:00', '14:30:00', 1, 72),
(6, '2023-08-27', '15:00:00', '16:30:00', 1, 55),
(7, '2023-08-27', '17:00:00', '18:30:00', 1, 48),
(8, '2023-08-27', '19:00:00', '19:30:00', 1, 67),
(9, '2023-08-28', '13:00:00', '14:30:00', 1, 65),
(10, '2023-08-28', '15:00:00', '16:30:00', 1, 60),
(11, '2023-08-28', '17:00:00', '18:30:00', 1, 51),
(12, '2023-08-28', '19:00:00', '19:30:00', 1, 82),
(13, '2020-05-23', '14:00:00', '16:00:00', 2, 38),
(14, '2020-05-23', '16:30:00', '18:30:00', 2, 26),
(15, '2020-05-23', '19:00:00', '21:00:00', 2, 27),
(16, '2020-05-23', '21:30:00', '23:30:00', 2, 9),
(17, '2020-05-24', '14:00:00', '16:00:00', 2, 68),
(18, '2020-05-24', '16:30:00', '18:30:00', 2, 50),
(19, '2020-05-24', '19:00:00', '21:00:00', 2, 45),
(20, '2020-05-24', '21:30:00', '23:30:00', 2, 59),
(21, '2020-05-25', '14:00:00', '16:00:00', 2, 63),
(22, '2020-05-25', '16:30:00', '18:30:00', 2, 80),
(23, '2020-05-25', '19:00:00', '21:00:00', 2, 46),
(24, '2020-05-25', '21:30:00', '23:30:00', 2, 57),
(25, '2022-12-09', '17:00:00', '17:45:00', 3, 25),
(26, '2022-12-09', '18:00:00', '18:35:00', 3, 15),
(27, '2022-12-09', '18:50:00', '19:30:00', 3, 11),
(28, '2022-12-09', '19:50:00', '21:00:00', 3, 14),
(29, '2021-02-02', '20:30:00', '20:55:00', 4, 18),
(30, '2021-02-02', '21:15:00', '22:00:00', 4, 30),
(31, '2021-02-02', '22:30:00', '23:30:00', 4, 12),
(32, '2021-02-02', '23:45:00', '01:00:00', 4, 17),
(33, '2021-02-03', '20:30:00', '20:55:00', 4, 44),
(34, '2021-02-03', '21:15:00', '22:00:00', 4, 56),
(35, '2021-02-03', '22:30:00', '23:30:00', 4, 84),
(36, '2021-02-03', '23:45:00', '01:00:00', 4, 71),
(37, '2021-02-04', '20:30:00', '20:55:00', 4, 73),
(38, '2021-02-04', '21:15:00', '22:00:00', 4, 69),
(39, '2021-02-04', '22:30:00', '23:30:00', 4, 76),
(40, '2021-02-04', '23:45:00', '01:00:00', 4, 43),
(41, '2021-07-10', '17:00:00', '18:15:00', 5, 5),
(42, '2021-07-10', '18:50:00', '20:25:00', 5, 21),
(43, '2021-07-10', '21:00:00', '22:10:00', 5, 3),
(44, '2021-07-10', '22:30:00', '22:55:00', 5, 31),
(45, '2021-07-11', '17:00:00', '18:05:00', 5, 75),
(46, '2021-07-11', '18:30:00', '19:15:00', 5, 42),
(47, '2021-07-11', '19:55:00', '20:15:00', 5, 53),
(48, '2021-07-11', '20:50:00', '21:07:00', 5, 77),
(49, '2021-07-12', '18:00:00', '19:12:00', 5, 47),
(50, '2021-07-12', '19:35:00', '20:17:00', 5, 54),
(51, '2021-07-12', '20:45:00', '21:54:00', 5, 70),
(52, '2021-07-12', '22:30:00', '23:45:00', 5, 61),
(53, '2020-10-21', '14:15:00', '15:00:00', 6, 13),
(54, '2020-10-21', '15:30:00', '16:30:00', 6, 32),
(55, '2020-10-21', '17:00:00', '18:00:00', 6, 8),
(56, '2020-10-21', '18:45:00', '21:30:00', 6, 35),
(57, '2024-03-28', '12:00:00', '13:00:00', 7, 23),
(58, '2024-03-28', '13:20:00', '14:20:00', 7, 39),
(59, '2024-03-28', '14:40:00', '15:40:00', 7, 1),
(60, '2024-03-28', '16:00:00', '17:45:00', 7, 7),
(61, '2024-03-29', '12:00:00', '13:00:00', 7, 49),
(62, '2024-03-29', '13:20:00', '14:20:00', 7, 79),
(63, '2024-03-29', '14:40:00', '15:40:00', 7, 58),
(64, '2024-03-29', '16:00:00', '17:45:00', 7, 62),
(65, '2024-03-30', '12:00:00', '13:00:00', 7, 78),
(66, '2024-03-30', '13:20:00', '14:20:00', 7, 41),
(67, '2024-03-30', '14:40:00', '15:40:00', 7, 83),
(68, '2024-03-30', '16:00:00', '17:45:00', 7, 74),
(69, '2023-03-19', '11:00:00', '12:00:00', 8, 22),
(70, '2023-03-19', '13:15:00', '14:30:00', 8, 29),
(71, '2023-03-19', '15:00:00', '15:45:00', 8, 28),
(72, '2023-03-19', '17:00:00', '18:30:00', 8, 6),
(73, '2023-04-27', '17:00:00', '17:45:00', 6, 10),
(74, '2023-04-27', '21:30:00', '23:00:00', 6, 33),
(75, '2023-04-27', '19:45:00', '20:45:00', 6, 19),
(76, '2023-04-27', '18:15:00', '19:00:00', 6, 16),
(77, '2023-04-28', '21:30:00', '23:00:00', 6, 81),
(78, '2023-04-28', '18:15:00', '19:00:00', 6, 64),
(79, '2023-04-28', '17:00:00', '17:45:00', 6, 52),
(80, '2023-04-28', '19:45:00', '20:45:00', 6, 66),
(81, '2022-10-14', '14:15:00', '15:00:00', 10, 36),
(82, '2022-10-14', '15:30:00', '16:30:00', 10, 40),
(83, '2022-10-14', '17:00:00', '18:00:00', 10, 24),
(84, '2022-10-14', '18:45:00', '21:30:00', 10, 37);

-- --------------------------------------------------------

--
-- Structure de la table `person`
--

CREATE TABLE `person` (
  `id_person` int(11) NOT NULL,
  `firstname_person` varchar(150) NOT NULL,
  `lastname_person` varchar(150) NOT NULL,
  `civil_status_person` varchar(50) NOT NULL,
  `address_1_person` varchar(250) NOT NULL,
  `address_2_person` varchar(250) DEFAULT NULL,
  `phone_person` varchar(20) NOT NULL,
  `email_person` varchar(250) NOT NULL,
  `birthdate_person` date DEFAULT NULL,
  `id_responsability_person` int(11) DEFAULT NULL,
  `id_appuser` int(11) DEFAULT NULL,
  `id_band` int(11) DEFAULT NULL,
  `id_town` int(11) NOT NULL
) ENGINE=InnoDB DEFAULT CHARSET=utf8mb4 COLLATE=utf8mb4_general_ci;

--
-- Déchargement des données de la table `person`
--

INSERT INTO `person` (`id_person`, `firstname_person`, `lastname_person`, `civil_status_person`, `address_1_person`, `address_2_person`, `phone_person`, `email_person`, `birthdate_person`, `id_responsability_person`, `id_appuser`, `id_band`, `id_town`) VALUES
(1, 'Jean', 'Dupont', 'Monsieur', '123 rue de la République', '', '0123456789', 'jeanDupont@gmail.com', '1975-04-12', NULL, 1, 64, 1),
(2, 'Marie', 'Durand', 'Madame', '456 avenue des Champs-Élysées', '', '0123456790', 'marieDurand@yahoo.fr', '1987-08-23', NULL, 2, 6, 7),
(3, 'Luc', 'Martin', 'Monsieur', '789 boulevard Saint-Germain', '', '0123456791', 'lucMartin@orange.fr', '1992-12-01', NULL, NULL, 24, 7),
(4, 'Sophie', 'Lefebvre', 'Madame', '101 rue de Rivoli', '', '0123456792', 'sophieLefebvre@hotmail.com', '1978-05-15', NULL, NULL, 54, 7),
(5, 'Claire', 'Moreau', 'Madame', '11 rue du Louvre', '', '0123466789', 'claireMoreau@outlook.com', '1980-09-05', NULL, NULL, 72, 1),
(6, 'Étienne', 'Petit', 'Monsieur', '22 avenue Montaigne', '', '0123466790', 'etiennePetit@laposte.net', '1995-07-18', NULL, NULL, 36, 5),
(7, 'Nathalie', 'Girard', 'Madame', '33 boulevard Haussmann', '', '0123466791', 'nathalieGirard@free.fr', '1968-03-22', NULL, NULL, 27, 8),
(8, 'Julien', 'Lopez', 'Monsieur', '44 rue de la Paix', '', '0123466792', 'julienLopez@gmail.com', '1983-11-30', NULL, NULL, 37, 9),
(9, 'Isabelle', 'Dubois', 'Madame', '55 avenue de l\'Opéra', '', '0123466793', 'isabelleDubois@yahoo.fr', '1972-06-09', NULL, NULL, 31, 5),
(10, 'Alexandre', 'Roux', 'Monsieur', '66 rue Saint-Antoine', '', '0123466794', 'alexandreRoux@orange.fr', '1991-05-24', NULL, NULL, 67, 4),
(11, 'Valérie', 'Simon', 'Madame', '77 quai des Orfèvres', '', '0123466795', 'valerieSimon@hotmail.com', '1985-02-17', NULL, NULL, 63, 2),
(12, 'Thierry', 'Michel', 'Monsieur', '88 avenue Victor Hugo', '', '0123466796', 'thierryMichel@outlook.com', '1965-08-11', NULL, NULL, 66, 8),
(13, 'Céline', 'Henry', 'Madame', '99 rue Oberkampf', '', '0123466797', 'celineHenry@laposte.net', '1979-12-03', NULL, NULL, 38, 9),
(14, 'Fabienne', 'Leroux', 'Madame', '112 rue de Grenelle', '', '0123476789', 'fabienneLeroux@gmail.com', '1990-10-05', 5, NULL, 31, 8),
(15, 'Olivier', 'Dupuis', 'Monsieur', '123 avenue de Flandre', '', '0123476790', 'olivierDupuis@yahoo.fr', '1974-06-18', NULL, NULL, 48, 9),
(16, 'Emmanuelle', 'Fontaine', 'Madame', '134 boulevard Saint-Michel', '', '0123476791', 'emmanuelleFontaine@orange.fr', '1969-03-22', NULL, NULL, 37, 9),
(17, 'Benoît', 'Rousseau', 'Monsieur', '145 rue du Faubourg Saint-Honoré', '', '0123476792', 'benoitRousseau@hotmail.com', '1982-11-30', NULL, NULL, 63, 7),
(18, 'Charlotte', 'Moulin', 'Madame', '156 avenue Jean Jaurès', '', '0123476793', 'charlotteMoulin@laposte.net', '1971-06-09', NULL, NULL, 64, 3),
(19, 'Diane', 'Perrin', 'Madame', '167 rue Monge', '', '0123486789', 'dianePerrin@gmail.com', '1986-09-15', NULL, NULL, 39, 4),
(20, 'Loïc', 'Martinez', 'Monsieur', '178 avenue Parmentier', '', '0123486790', 'loicMartinez@yahoo.fr', '1976-07-21', NULL, NULL, 63, 9),
(21, 'Amandine', 'Leclerc', 'Madame', '189 boulevard Voltaire', '', '0123486791', 'amandineLeclerc@orange.fr', '1994-02-11', NULL, NULL, 39, 5),
(22, 'Rémi', 'Boucher', 'Monsieur', '190 rue Oberkampf', '', '0123486792', 'remiBoucher@hotmail.com', '1981-10-30', NULL, NULL, 66, 1),
(23, 'Soline', 'Blanchard', 'Madame', '201 avenue de la République', '', '0123486793', 'solineBlanchard@laposte.net', '1964-03-25', NULL, NULL, 32, 9),
(24, 'Gaspard', 'Mercier', 'Monsieur', '202 rue de Belleville', '', '0123496789', 'gaspardMercier@gmail.com', '1978-11-05', NULL, NULL, 41, 2),
(25, 'Fiona', 'Robin', 'Madame', '213 rue du Faubourg Saint-Antoine', '', '0123496790', 'fionaRobin@yahoo.fr', '1984-05-22', NULL, NULL, 65, 6),
(26, 'Hugo', 'Schmitt', 'Monsieur', '224 boulevard de la Villette', '', '0123496791', 'hugoSchmitt@orange.fr', '1990-03-18', NULL, NULL, 67, 10),
(27, 'Éloïse', 'Fournier', 'Madame', '235 avenue Jean Jaurès', '', '0123496792', 'eloiseFournier@hotmail.com', '1988-07-29', NULL, NULL, 29, 2),
(28, 'Mathis', 'Morel', 'Monsieur', '246 rue de Courcelles', '', '0123496793', 'mathisMorel@laposte.net', '1965-12-14', NULL, NULL, 55, 9),
(29, 'Léa', 'Jacquet', 'Madame', '257 rue des Pyrénées', '', '0123506789', 'leaJacquet@gmail.com', '1989-08-15', NULL, NULL, 81, 9),
(30, 'Maxime', 'Perrin', 'Monsieur', '268 avenue Gambetta', '', '0123506790', 'maximePerrin@yahoo.fr', '1973-04-27', NULL, NULL, 33, 1),
(31, 'Clara', 'Dupont', 'Madame', '279 boulevard de Magenta', '', '0123506791', 'claraDupont@orange.fr', '1992-12-03', NULL, NULL, 68, 8),
(32, 'Théo', 'Lemaire', 'Monsieur', '290 rue Saint-Maur', '', '0123506792', 'theoLemaire@hotmail.com', '1981-06-19', NULL, NULL, 75, 2),
(33, 'Zoé', 'Marchand', 'Madame', '301 rue de Belleville', '', '0123506793', 'zoeMarchand@laposte.net', '1969-09-25', NULL, NULL, 74, 7),
(34, 'Isaac', 'Moreau', 'Monsieur', '107 boulevard Haussmann', '', '0634557629', 'isaacmoreau@bbox.fr', '1988-11-24', NULL, NULL, 67, 10),
(35, 'Giselle', 'Leroy', 'Madame', '456 avenue des Champs-Élysées', '', '0651387924', 'giselleleroy@laposte.net', '1977-03-15', NULL, NULL, 10, 6),
(36, 'François', 'Durand', 'Monsieur', '789 boulevard Saint-Germain', '', '0687456321', 'françoisdurand@orange.fr', '1996-09-05', NULL, NULL, 48, 4),
(37, 'Hélène', 'Dubois', 'Madame', '103 boulevard Voltaire', '', '0678259364', 'hélènedubois@free.fr', '1984-01-26', 5, NULL, 76, 4),
(38, 'Emmanuel', 'Thomas', 'Monsieur', '104 rue Lafayette', '', '0612948573', 'emmanuelthomas@sfr.fr', '1965-07-18', NULL, NULL, 53, 1),
(39, 'Claire', 'Petit', 'Madame', '123 rue de la République', '', '0629384756', 'clairepetit@gmx.fr', '1991-05-09', NULL, NULL, 33, 1),
(40, 'Benoît', 'Martin', 'Monsieur', '105 quai des Orfèvres', '', '0643125879', 'benoîtmartin@outlook.fr', '1973-02-12', NULL, NULL, 27, 6),
(41, 'Alice', 'Richard', 'Madame', '102 avenue Victor Hugo', '', '0698347562', 'alicerichard@yahoo.fr', '1998-12-30', NULL, NULL, 18, 8),
(42, 'Damien', 'Robert', 'Monsieur', '101 rue de Rivoli', '', '0601928374', 'damienrobert@hotmail.com', '1989-06-23', NULL, NULL, 9, 4),
(43, 'Emilie', 'Bernard', 'Madame', '106 rue du Faubourg Saint-Honoré', '', '0685293741', 'emiliebernard@gmail.com', '1993-08-17', NULL, NULL, 15, 5),
(44, 'Mickaël', 'Quint', 'Monsieur', '108 rue de Grenelle', '', '0623587946', 'mickaëlquint@laposte.net', '1997-02-28', NULL, NULL, 21, 9),
(45, 'Rachel', 'Renaud', 'Madame', '109 avenue Jean Jaurès', '', '0698475623', 'rachelrenaud@orange.fr', '1983-07-19', NULL, NULL, 2, 6),
(46, 'Nolan', 'Simon', 'Monsieur', '110 boulevard de Magenta', '', '0639274856', 'nolansimon@gmx.fr', '1974-11-05', NULL, NULL, 35, 3),
(47, 'Patricia', 'Tessier', 'Madame', '111 rue Oberkampf', '', '0678349251', 'patriciatessier@yahoo.fr', '1968-03-21', NULL, NULL, 6, 2),
(48, 'Olivier', 'Urbain', 'Monsieur', '112 avenue Parmentier', '', '0613948572', 'olivierurbain@outlook.fr', '1995-06-09', NULL, NULL, 11, 4),
(49, 'Quintia', 'Vallée', 'Madame', '113 boulevard de la Villette', '', '0651928473', 'quintiavallée@sfr.fr', '1989-09-14', NULL, NULL, 3, 5),
(50, 'Pierre', 'Wagner', 'Monsieur', '114 rue de Belleville', '', '0689374652', 'pierrewagner@gmail.com', '1981-12-23', NULL, NULL, 44, 7),
(51, 'Samantha', 'Nicolas', 'Madame', '115 rue de Ménilmontant', '', '0698123456', 'samanthanicolas@free.fr', '1992-04-30', NULL, NULL, 30, 6),
(52, 'Loïc', 'Olivier', 'Monsieur', '116 boulevard Richard-Lenoir', '', '0632145698', 'loïcolivier@bbox.fr', '1964-10-16', NULL, NULL, 32, 7),
(53, 'Tiffany', 'Perrin', 'Madame', '117 rue Saint-Maur', '', '0621345879', 'tiffanyperrin@hotmail.com', '1976-05-17', NULL, NULL, 49, 2),
(54, 'Yann', 'Zola', 'Monsieur', '118 rue de l\'Université', '', '0601234578', 'yannzola@orange.fr', '1995-08-15', NULL, NULL, 44, 9),
(55, 'Élodie', 'York', 'Madame', '119 avenue de la République', '', '0678901234', 'élodieyork@gmail.com', '1980-07-22', NULL, NULL, 75, 4),
(56, 'Arthur', 'Xylophone', 'Monsieur', '120 boulevard du Montparnasse', '', '0687654321', 'arthurxylophone@yahoo.fr', '1972-11-30', NULL, NULL, 1, 6),
(57, 'Zoé', 'Aragon', 'Madame', '121 rue du Four', '', '0656789012', 'zoéaragon@sfr.fr', '1991-03-14', NULL, NULL, 55, 7),
(58, 'Vincent', 'Beauvoir', 'Monsieur', '122 avenue des Gobelins', '', '0634567890', 'vincentbeauvoir@laposte.net', '1969-06-28', NULL, NULL, 33, 8),
(59, 'Wendy', 'Camus', 'Madame', '123 boulevard Saint-Michel', '', '0623456789', 'wendycamus@outlook.fr', '1984-12-05', NULL, NULL, 40, 1),
(60, 'Cédric', 'Duras', 'Monsieur', '124 rue Monge', '', '0612345678', 'cédricduras@free.fr', '1988-09-17', NULL, NULL, 55, 6),
(61, 'Anaïs', 'Éluard', 'Madame', '125 boulevard Raspail', '', '0698765432', 'anaïséluard@hotmail.com', '1974-04-26', NULL, NULL, 58, 5),
(62, 'Bastien', 'Flaubert', 'Monsieur', '126 rue de Sèvres', '', '0689123456', 'bastienflaubert@gmx.fr', '1978-01-09', NULL, NULL, 36, 3),
(63, 'Béatrice', 'Gide', 'Madame', '127 avenue de Breteuil', '', '0678912345', 'béatricegide@bbox.fr', '1986-10-20', NULL, NULL, 63, 3),
(64, 'Lucas', 'Hugo', 'Monsieur', '128 avenue de Wagram', '', '0689325476', 'lucashugo@outlook.fr', '1994-02-20', NULL, NULL, 28, 1),
(65, 'Gaëlle', 'Ibsen', 'Madame', '129 rue La Boétie', '', '0623458769', 'gaëlleibsen@orange.fr', '1973-11-28', NULL, NULL, 36, 4),
(66, 'Matthieu', 'Jouvet', 'Monsieur', '130 boulevard Malesherbes', '', '0698475612', 'matthieujouvet@gmail.com', '1986-07-14', NULL, NULL, 19, 6),
(67, 'Hélène', 'Kafka', 'Madame', '131 rue de Courcelles', '', '0687654329', 'hélènekafka@sfr.fr', '1998-05-03', NULL, NULL, 75, 9),
(68, 'Nicolas', 'Lamartine', 'Monsieur', '132 avenue de Friedland', '', '0654321789', 'nicolaslamartine@laposte.net', '1965-10-26', NULL, NULL, 71, 7),
(69, 'Iris', 'Maupassant', 'Madame', '133 boulevard des Batignolles', '', '0612345897', 'irismaupassant@yahoo.fr', '1984-03-15', 3, NULL, 29, 5),
(70, 'Oscar', 'Nerval', 'Monsieur', '134 avenue de Clichy', '', '0678912345', 'oscarnerval@free.fr', '1978-12-08', NULL, NULL, 20, 10),
(71, 'Joanna', 'Orwell', 'Madame', '135 boulevard de Rochechouart', '', '0656789123', 'joannaorwell@bbox.fr', '1992-09-21', NULL, NULL, 74, 10),
(72, 'Paul', 'Poe', 'Monsieur', '136 rue de Dunkerque', '', '0634567891', 'paulpoe@gmx.fr', '1974-06-30', NULL, NULL, 19, 6),
(73, 'Karine', 'Queneau', 'Madame', '137 boulevard de Magenta', '', '0643217654', 'karinequeneau@hotmail.com', '1989-01-16', NULL, NULL, 76, 2),
(74, 'Quentin', 'Hugo', 'Monsieur', '128 avenue de Wagram', '', '0634215879', 'quentinhugo@gmx.fr', '1977-04-14', NULL, NULL, 27, 1),
(75, 'Léa', 'Ibsen', 'Madame', '129 rue La Boétie', '', '0678945612', 'léaibsen@outlook.fr', '1985-05-22', NULL, NULL, 8, 10),
(76, 'Raphaël', 'Jouvet', 'Monsieur', '130 boulevard Malesherbes', '', '0654789321', 'raphaëljouvet@orange.fr', '1982-07-09', NULL, NULL, 41, 4),
(77, 'Maëlle', 'Kafka', 'Madame', '131 rue de Courcelles', '', '0643125976', 'maëllekafka@yahoo.fr', '1993-03-30', NULL, NULL, 23, 5),
(78, 'Simon', 'Lamartine', 'Monsieur', '132 avenue de Friedland', '', '0612348765', 'simonlamartine@laposte.net', '1979-11-15', NULL, NULL, 65, 1),
(79, 'Nina', 'Maupassant', 'Madame', '133 boulevard des Batignolles', '', '0698765431', 'ninamaupassant@free.fr', '1987-08-07', NULL, NULL, 77, 6),
(80, 'Théo', 'Nerval', 'Monsieur', '134 avenue de Clichy', '', '0632154879', 'théonerval@sfr.fr', '1991-01-20', NULL, NULL, 42, 4),
(81, 'Olivia', 'Orwell', 'Madame', '135 boulevard de Rochechouart', '', '0678123456', 'oliviaorwell@hotmail.com', '1968-06-11', NULL, NULL, 57, 6),
(82, 'Ulysse', 'Poe', 'Monsieur', '136 rue de Dunkerque', '', '0654321987', 'ulyssepoe@gmail.com', '1984-09-26', NULL, NULL, 35, 6),
(83, 'Fiona', 'Queneau', 'Madame', '137 boulevard de Magenta', '', '0621987456', 'fionaqueneau@bbox.fr', '1996-12-04', NULL, NULL, 81, 3),
(84, 'Dimitri', 'Hugo', 'Monsieur', '128 avenue de Wagram', '', '0612345678', 'dimitrihugo@free.fr', '1971-02-17', NULL, NULL, 17, 2),
(85, 'Joanna', 'Ibsen', 'Madame', '129 rue La Boétie', '', '0698765432', 'joannaibsen@gmx.fr', '1988-05-25', NULL, NULL, 28, 6),
(86, 'Étienne', 'Jouvet', 'Monsieur', '130 boulevard Malesherbes', '', '0687654321', 'étiennejouvet@bbox.fr', '1992-10-09', NULL, NULL, 44, 6),
(87, 'Karine', 'Kafka', 'Madame', '131 rue de Courcelles', '', '0676543210', 'karinekafka@yahoo.fr', '1976-03-18', NULL, NULL, 3, 6),
(88, 'William', 'Lamartine', 'Monsieur', '132 avenue de Friedland', '', '0665432109', 'williamlamartine@outlook.fr', '1985-07-22', NULL, NULL, 65, 3),
(89, 'Léa', 'Maupassant', 'Madame', '133 boulevard des Batignolles', '', '0654321098', 'léamaupassant@orange.fr', '1980-12-31', NULL, NULL, 55, 8),
(90, 'Xavier', 'Nerval', 'Monsieur', '134 avenue de Clichy', '', '0643210987', 'xaviernerval@sfr.fr', '1996-06-13', NULL, NULL, 18, 2),
(91, 'Maëlle', 'Orwell', 'Madame', '135 boulevard de Rochechouart', '', '0632109876', 'maëlleorwell@gmail.com', '1972-09-07', NULL, NULL, 75, 9),
(92, 'Yann', 'Poe', 'Monsieur', '136 rue de Dunkerque', '', '0621098765', 'yannpoe@laposte.net', '1989-03-20', NULL, NULL, 49, 3),
(93, 'Nina', 'Queneau', 'Madame', '137 boulevard de Magenta', '', '0610987654', 'ninaqueneau@hotmail.com', '1978-11-14', NULL, NULL, 61, 4),
(94, 'Zacharie', 'Hugo', 'Monsieur', '128 avenue de Wagram', '', '0609876543', 'zachariehugo@yahoo.fr', '1967-08-30', NULL, NULL, 62, 4),
(95, 'Olivia', 'Ibsen', 'Madame', '129 rue La Boétie', '', '0698765430', 'oliviaibsen@outlook.fr', '1990-05-14', NULL, NULL, 79, 1),
(96, 'Arthur', 'Jouvet', 'Monsieur', '130 boulevard Malesherbes', '', '0687654320', 'arthurjouvet@sfr.fr', '1975-12-09', NULL, NULL, 53, 10),
(97, 'Gaëlle', 'Kafka', 'Madame', '131 rue de Courcelles', '', '0676543219', 'gaëllekafka@free.fr', '1983-07-07', NULL, NULL, 74, 8),
(98, 'Bastien', 'Lamartine', 'Monsieur', '132 avenue de Friedland', '', '0665432198', 'bastienlamartine@gmail.com', '1979-02-21', NULL, NULL, 56, 2),
(99, 'Hélène', 'Maupassant', 'Madame', '133 boulevard des Batignolles', '', '0654321987', 'hélènemaupassant@gmx.fr', '1988-10-13', NULL, NULL, 84, 10),
(100, 'Cédric', 'Nerval', 'Monsieur', '134 avenue de Clichy', '', '0643219876', 'cédricnerval@laposte.net', '1969-06-26', NULL, NULL, 61, 5),
(101, 'Iris', 'Orwell', 'Madame', '135 boulevard de Rochechouart', '', '0632198765', 'irisorwell@bbox.fr', '1994-04-05', NULL, NULL, 54, 4),
(102, 'Dimitri', 'Poe', 'Monsieur', '136 rue de Dunkerque', '', '0621987654', 'dimitripoe@orange.fr', '1981-09-17', 3, NULL, 83, 1),
(103, 'Joanna', 'Queneau', 'Madame', '137 boulevard de Magenta', '', '0619876543', 'joannaqueneau@yahoo.fr', '1974-12-28', NULL, NULL, 35, 8),
(104, 'Kevin', 'Hugo', 'Monsieur', '128 avenue de Wagram', '', '0619876523', 'kevinhugo@laposte.net', '1973-09-14', NULL, NULL, 60, 5),
(105, 'Anaïs', 'Ibsen', 'Madame', '129 rue La Boétie', '', '0698123457', 'anaïsibsen@free.fr', '1982-11-28', NULL, NULL, 46, 9),
(106, 'Loïc', 'Jouvet', 'Monsieur', '130 boulevard Malesherbes', '', '0687234561', 'loïcjouvet@yahoo.fr', '1994-05-20', NULL, NULL, 22, 1),
(107, 'Béatrice', 'Kafka', 'Madame', '131 rue de Courcelles', '', '0676345129', 'béatricekafka@sfr.fr', '1977-07-16', NULL, NULL, 5, 2),
(108, 'Mickaël', 'Lamartine', 'Monsieur', '132 avenue de Friedland', '', '0665456123', 'mickaëllamartine@gmx.fr', '1985-12-03', NULL, NULL, 27, 5),
(109, 'Céline', 'Maupassant', 'Madame', '133 boulevard des Batignolles', '', '0654561238', 'célinemaupassant@bbox.fr', '1989-03-09', NULL, NULL, 34, 2),
(110, 'Nolan', 'Nerval', 'Monsieur', '134 avenue de Clichy', '', '0645612387', 'nolannerval@outlook.fr', '1996-08-15', NULL, NULL, 35, 7),
(111, 'Daphné', 'Orwell', 'Madame', '135 boulevard de Rochechouart', '', '0636123874', 'daphnéorwell@gmail.com', '1980-01-25', NULL, NULL, 51, 2),
(112, 'Pierre', 'Poe', 'Monsieur', '136 rue de Dunkerque', '', '0623874561', 'pierrepoe@orange.fr', '1974-10-07', NULL, NULL, 31, 10),
(113, 'Élodie', 'Queneau', 'Madame', '137 boulevard de Magenta', '', '0612387456', 'élodiequeneau@yahoo.fr', '1987-05-14', NULL, NULL, 35, 2),
(114, 'Baptiste', 'Rousseau', 'Monsieur', '138 av. des Acacias', '', '0634527891', 'baptisterousseau@example.com', '1975-06-11', NULL, NULL, 4, 1),
(115, 'Isabelle', 'Voltaire', 'Madame', '139 rue des Peupliers', '', '0645789123', 'isabellevoltaire@mail.com', '1983-09-24', NULL, NULL, 82, 1),
(116, 'Corentin', 'Zadig', 'Monsieur', '140 bd des Saules', '', '0623456798', 'corentinzadig@inbox.com', '1989-03-15', NULL, NULL, 25, 8),
(117, 'Louna', 'Diderot', 'Madame', '141 chemin des Oliviers', '', '0678912345', 'lounadiderot@email.com', '1992-12-01', NULL, NULL, 40, 5),
(118, 'Fabien', 'Montesquieu', 'Monsieur', '142 allée des Chênes', '', '0689123456', 'fabienmontesquieu@post.com', '1968-07-20', NULL, NULL, 41, 9),
(119, 'Jasmine', 'Condorcet', 'Madame', '143 route des Érables', '', '0656789123', 'jasminecondorcet@mailer.com', '1974-05-29', NULL, NULL, 4, 6),
(120, 'Émile', 'Mirabeau', 'Monsieur', '144 impasse des Tilleuls', '', '0612345678', 'émilemirabeau@letterbox.com', '1985-02-17', NULL, NULL, 39, 8),
(121, 'Océane', 'Tocqueville', 'Madame', '145 chemin des Cyprès', '', '0698765432', 'océanetocqueville@correspond.com', '1980-11-09', NULL, NULL, 49, 3),
(122, 'Gaspard', 'Fénelon', 'Monsieur', '146 av. des Platanes', '', '0676543219', 'gaspardfénelon@sendit.com', '1976-08-25', 2, NULL, 10, 10),
(123, 'Maude', 'Pascal', 'Madame', '147 rue des Ormeaux', '', '0665432198', 'maudepascal@mailbox.com', '1990-01-30', 3, NULL, 12, 5),
(124, 'Octave', 'Lebrun', 'Monsieur', '12 rue du Verger', '', '0687654321', 'octavelebrun@quickmail.com', '1972-03-28', NULL, NULL, 62, 1),
(125, 'Violette', 'Mercier', 'Madame', '24 avenue de l\'Opéra', '', '0678901234', 'violettemercier@fastinbox.com', '1988-11-12', NULL, NULL, 65, 4),
(126, 'Lucien', 'Noir', 'Monsieur', '36 boulevard des Capucines', '', '0665432178', 'luciennoir@rapidpost.net', '1994-07-05', NULL, NULL, 68, 10),
(127, 'Wendy', 'Blanc', 'Madame', '48 rue de Lille', '', '0654321987', 'wendyblanc@speedymail.org', '1980-09-17', NULL, NULL, 47, 5),
(128, 'Marcel', 'Rouge', 'Monsieur', '60 avenue de Choisy', '', '0643210987', 'marcelrouge@zippymail.ninja', '1976-05-23', NULL, NULL, 61, 8),
(129, 'Rosalie', 'Vert', 'Madame', '72 rue de Belleville', '', '0632109876', 'rosalievert@expressbox.xyz', '1990-01-14', 4, NULL, 68, 8),
(130, 'Nestor', 'Bleu', 'Monsieur', '84 boulevard Voltaire', '', '0621098765', 'nestorbleu@hastymail.com', '1968-08-30', NULL, NULL, 2, 8),
(131, 'Sidonie', 'Jaune', 'Madame', '96 rue Oberkampf', '', '0610987654', 'sidoniejaune@swiftmail.co', '1985-04-19', NULL, NULL, 48, 5),
(132, 'Pascal', 'Violet', 'Monsieur', '8 rue des Lilas', '', '0698765432', 'pascalviolet@fleetingmessage.com', '1973-12-07', NULL, NULL, 15, 9),
(133, 'Tania', 'Cyan', 'Madame', '20 avenue Parmentier', '', '0687654321', 'taniacyan@ephemeralmail.io', '1989-02-22', 6, NULL, 4, 7),
(134, 'Vincent', 'Lefèvre', 'Monsieur', '2 rue du Lac', '', '0678123456', 'vincentlefevre@velocitymail.net', '1978-04-12', NULL, NULL, 34, 5),
(135, 'Brigitte', 'Moreau', 'Madame', '4 avenue des Mimosas', '', '0654321876', 'brigittmoreau@rapidmail.web', '1985-07-08', NULL, NULL, 81, 7),
(136, 'Alain', 'Perrot', 'Monsieur', '6 boulevard du Parc', '', '0632198765', 'alainperrot@instantbox.email', '1969-01-22', NULL, NULL, 67, 10),
(137, 'Claudine', 'Simon', 'Madame', '8 rue des Écoles', '', '0612345897', 'claudinesimon@quickpost.mail', '1982-03-15', NULL, NULL, 82, 4),
(138, 'Denis', 'Lambert', 'Monsieur', '10 avenue de la Gare', '', '0698765432', 'denislambert@speedmail.net', '1972-05-29', NULL, NULL, 47, 8),
(139, 'Estelle', 'Leroux', 'Madame', '12 boulevard de la Liberté', '', '0678912345', 'estelleleroux@flashmail.co', '1991-08-07', NULL, NULL, 45, 10),
(140, 'Félix', 'Roux', 'Monsieur', '14 rue de la Poste', '', '0656789123', 'felixroux@turboinbox.com', '1986-11-03', NULL, NULL, 46, 8),
(141, 'Ghislaine', 'Fournier', 'Madame', '16 avenue du Marché', '', '0645678912', 'ghislainefournier@rapidinbox.web', '1975-09-14', NULL, NULL, 74, 2),
(142, 'Éric', 'Morel', 'Monsieur', '18 boulevard de la République', '', '0634567891', 'ericmorel@sprintmail.email', '1979-06-21', NULL, NULL, 45, 2),
(143, 'Hélène', 'Girard', 'Madame', '20 rue du Château', '', '0623456789', 'hélènegirard@accelmail.net', '1983-12-05', NULL, NULL, 26, 1),
(144, 'Gabin', 'Navarro', 'Monsieur', '1 rue des Fleurs', '', '0678123456', 'gabinnavarro@streammail.me', '1984-06-20', NULL, NULL, 66, 5),
(145, 'Margot', 'Olivier', 'Madame', '3 avenue des Anges', '', '0654321987', 'margotolivier@mailstream.net', '1992-09-11', NULL, NULL, 31, 10),
(146, 'Hector', 'Perrin', 'Monsieur', '5 boulevard des Rêves', '', '0632198765', 'hectorperrin@inboxflow.com', '1976-12-07', NULL, NULL, 1, 6),
(147, 'Nina', 'Quentin', 'Madame', '7 impasse du Soleil', '', '0612345897', 'ninaquentin@postforyou.net', '1988-03-14', NULL, NULL, 27, 6),
(148, 'Isidore', 'Renaud', 'Monsieur', '9 place de l\'Étoile', '', '0698765432', 'isidorerenaud@emailcorner.net', '1980-05-26', NULL, NULL, 18, 4),
(149, 'Olivia', 'Sauvage', 'Madame', '11 rue du Lac', '', '0678912345', 'oliviasauvage@mailhut.me', '1990-08-09', NULL, NULL, 43, 2),
(150, 'Jules', 'Thibault', 'Monsieur', '13 avenue de l\'Aurore', '', '0656789123', 'julesthibault@letterbin.net', '1972-11-03', NULL, NULL, 74, 6),
(151, 'Pénélope', 'Urbain', 'Madame', '15 boulevard du Lys', '', '0645678912', 'pénélopeurbain@postvault.net', '1975-09-18', NULL, NULL, 10, 2),
(152, 'Léo', 'Vasseur', 'Monsieur', '17 impasse de la Brise', '', '0634567891', 'léovasseur@maildeck.net', '1985-04-22', NULL, NULL, 21, 3),
(153, 'Roxane', 'Wagner', 'Madame', '19 place du Marché', '', '0623456789', 'roxanewagner@sendright.net', '1989-01-31', NULL, NULL, 18, 2),
(154, 'Neil', 'Abbott', 'Monsieur', '21 rue Nova', '', '0678123456', 'neilabbott@galaxymail.net', '1986-04-15', NULL, NULL, 48, 4),
(155, 'Belle', 'Bauer', 'Madame', '23 avenue Luna', '', '0654321987', 'bellebauer@cosmosmail.web', '1991-07-22', 5, NULL, 63, 9),
(156, 'Orson', 'Cohen', 'Monsieur', '25 boulevard Sol', '', '0632198765', 'orsoncohen@starmail.co', '1979-11-30', NULL, NULL, 66, 8),
(157, 'Cara', 'Dunn', 'Madame', '27 impasse Terra', '', '0612345897', 'caradunn@orbitmail.org', '1983-03-05', NULL, NULL, 21, 9),
(158, 'Pierce', 'Ellis', 'Monsieur', '29 place Stella', '', '0698765432', 'pierceellis@cometmail.com', '1968-05-19', NULL, NULL, 1, 8),
(159, 'Dora', 'Flynn', 'Madame', '31 rue Galaxie', '', '0678912345', 'doraflynn@meteorinbox.net', '1975-08-13', 6, NULL, 77, 6),
(160, 'Quincy', 'Griffin', 'Monsieur', '33 avenue Cosmos', '', '0656789123', 'quincygriffin@spacepost.me', '1980-12-07', NULL, NULL, 36, 2),
(161, 'Eve', 'Hart', 'Madame', '35 boulevard Orbit', '', '0645678912', 'evehart@universemail.web', '1993-09-21', NULL, NULL, 66, 5),
(162, 'Remy', 'Ingram', 'Monsieur', '37 impasse Comet', '', '0634567891', 'remyingram@extraterrestrialemail.com', '1987-06-14', NULL, NULL, 58, 8),
(163, 'Faye', 'Joyce', 'Madame', '39 place Meteor', '', '0623456789', 'fayejoyce@alienmessage.net', '1982-02-28', NULL, NULL, 72, 10),
(164, 'Adrian', 'King', 'Monsieur', '40 rue du Petit Pont', '', '0612345678', 'adrianking@nimblemail.com', '1975-05-20', NULL, NULL, 69, 10),
(165, 'Lena', 'Lane', 'Madame', '42 avenue des Vignes', '', '0698765432', 'lenalane@breezemail.net', '1989-03-15', NULL, NULL, 33, 2),
(166, 'Blake', 'Moss', 'Monsieur', '44 boulevard des Fleurs', '', '0678901234', 'blakemoss@clearpost.io', '1980-07-22', NULL, NULL, 32, 5),
(167, 'Mia', 'Nash', 'Madame', '46 impasse du Moulin', '', '0654321987', 'mianash@swiftinbox.com', '1992-11-30', NULL, NULL, 60, 8),
(168, 'Carter', 'Orr', 'Monsieur', '48 place de la Forge', '', '0632198765', 'carterorr@quickletter.co', '1976-06-05', NULL, NULL, 18, 8),
(169, 'Nora', 'Page', 'Madame', '50 rue de la Source', '', '0612345897', 'norapage@lightningmail.net', '1984-09-17', NULL, NULL, 16, 6),
(170, 'Dexter', 'Quinn', 'Monsieur', '52 avenue des Cèdres', '', '0698765432', 'dexterquinn@rapidresponse.net', '1981-02-28', NULL, NULL, 23, 4),
(171, 'Opal', 'Reid', 'Madame', '54 boulevard des Alouettes', '', '0678912345', 'opalreid@fleetmail.io', '1979-12-12', NULL, NULL, 63, 10),
(172, 'Evan', 'Sage', 'Monsieur', '56 impasse des Arbres', '', '0656789123', 'evansage@hurriedpost.com', '1986-03-22', 6, NULL, 23, 3),
(173, 'Piper', 'Tate', 'Madame', '58 place de la Colline', '', '0645678912', 'pipertate@speedydispatch.net', '1990-07-07', NULL, NULL, 72, 1),
(174, 'Alexis', 'Aubert', 'Monsieur', '61 rue du Petit', '', '0601234567', 'alexisaubert@mailtastic.com', '1982-04-17', NULL, NULL, 32, 5),
(175, 'Morgane', 'Bernard', 'Madame', '63 avenue des Roses', '', '0612345678', 'morganbernard@inboxtastic.net', '1978-07-05', NULL, NULL, 25, 8),
(176, 'Boris', 'Charpentier', 'Monsieur', '65 boulevard du Soleil', '', '0623456789', 'borischarpentier@mailspheric.com', '1990-01-21', NULL, NULL, 82, 5),
(177, 'Nathalie', 'Dubois', 'Madame', '67 impasse de l\'Horizon', '', '0634567890', 'nathaliedubois@lettergenic.net', '1985-03-30', NULL, NULL, 75, 7),
(178, 'Cedric', 'Evrard', 'Monsieur', '69 place des Étoiles', '', '0645678901', 'cedricevrard@postique.com', '1975-08-15', NULL, NULL, 31, 8),
(179, 'Oceane', 'Fournier', 'Madame', '71 rue de l\'Univers', '', '0656789012', 'oceanefournier@emailsynergy.com', '1987-12-04', NULL, NULL, 42, 8),
(180, 'Damien', 'Girard', 'Monsieur', '73 avenue du Cosmos', '', '0667890123', 'damiengirard@correspondize.net', '1989-05-20', NULL, NULL, 55, 1),
(181, 'Patricia', 'Henry', 'Madame', '75 boulevard de la Lune', '', '0678901234', 'patriciahenry@sendtopia.com', '1976-09-11', NULL, NULL, 72, 8),
(182, 'Eliot', 'Ivanov', 'Monsieur', '77 impasse de la Comète', '', '0689012345', 'eliotivanov@inboxverse.net', '1983-02-28', NULL, NULL, 40, 9),
(183, 'Quinn', 'Jacquot', 'Madame', '79 place de la Planète', '', '0690123456', 'quinnjacquot@mailadia.com', '1988-11-23', NULL, NULL, 78, 7),
(184, 'Kurt', 'Klein', 'Monsieur', '80 rue du Val', '', '0601234567', 'kurtklein@cloudmail.net', '1984-06-17', 1, NULL, 1, 5),
(185, 'Willa', 'Lowell', 'Madame', '82 avenue du Bois', '', '0698765432', 'willalowell@skyinbox.com', '1992-09-22', NULL, NULL, 77, 4),
(186, 'Leon', 'Munroe', 'Monsieur', '84 boulevard du Jardin', '', '0678901234', 'leonmunroe@horizonmail.net', '1979-11-30', NULL, NULL, 50, 1),
(187, 'Xena', 'Norton', 'Madame', '86 impasse du Puits', '', '0654321987', 'xenanorton@zenithmail.com', '1983-03-05', NULL, NULL, 4, 4),
(188, 'Milo', 'Osborne', 'Monsieur', '88 place du Tertre', '', '0632198765', 'milosborne@peakmail.co', '1968-05-19', NULL, NULL, 26, 2),
(189, 'Yara', 'Pitt', 'Madame', '90 rue de la Colline', '', '0612345897', 'yarapitt@summitpost.net', '1975-08-13', NULL, NULL, 37, 8),
(190, 'Nolan', 'Quincy', 'Monsieur', '92 avenue de la Vallée', '', '0698765432', 'nolanquincy@ridgeemail.com', '1980-12-07', NULL, NULL, 14, 7),
(191, 'Amy', 'Reid', 'Madame', '94 boulevard du Lac', '', '0678912345', 'amyreid@pinnacleinbox.net', '1979-12-12', NULL, NULL, 76, 5),
(192, 'Otis', 'Sloan', 'Monsieur', '96 impasse des Champs', '', '0656789123', 'otissloan@crestmail.com', '1986-03-22', NULL, NULL, 81, 10),
(193, 'Bree', 'Travis', 'Madame', '98 place de la Fontaine', '', '0645678912', 'breetravis@altitudemail.net', '1990-07-07', NULL, NULL, 38, 9),
(194, 'Felix', 'Pace', 'Monsieur', '101 rue de l\'Harmonie', '', '0601234567', 'felixpace@puremail.net', '1984-06-17', NULL, NULL, 43, 6),
(195, 'Gemma', 'Quinn', 'Madame', '103 avenue de la Paix', '', '0698765432', 'gemmaquinn@trueinbox.com', '1992-09-22', NULL, NULL, 39, 4),
(196, 'Harvey', 'Ross', 'Monsieur', '105 boulevard de l\'Espoir', '', '0678901234', 'harveyross@trustmail.co', '1979-11-30', NULL, NULL, 20, 1),
(197, 'Isla', 'Smith', 'Madame', '107 impasse du Bonheur', '', '0654321987', 'islasmith@sinceremail.net', '1983-03-05', NULL, NULL, 84, 4),
(198, 'Jasper', 'Turner', 'Monsieur', '109 place de la Liberté', '', '0632198765', 'jasperturner@authenticpost.com', '1968-05-19', 3, NULL, 38, 3),
(199, 'Julia', 'Underwood', 'Madame', '111 rue de la Chance', '', '0612345897', 'juliaunderwood@genuinemail.org', '1975-08-13', NULL, NULL, 21, 8),
(200, 'Kyle', 'Vale', 'Monsieur', '113 avenue du Progrès', '', '0698765432', 'kylevale@realmessages.net', '1980-12-07', NULL, NULL, 55, 10),
(201, 'Layla', 'Walker', 'Madame', '115 boulevard de la Joie', '', '0678912345', 'laylawalker@honestmail.co', '1979-12-12', NULL, NULL, 4, 3),
(202, 'Mason', 'Xavier', 'Monsieur', '117 impasse de l\'Amitié', '', '0656789123', 'masonxavier@loyalmail.net', '1986-03-22', NULL, NULL, 26, 9),
(203, 'Norah', 'Young', 'Madame', '119 place de la Victoire', '', '0645678912', 'norahyoung@faithfulinbox.com', '1990-07-07', 4, NULL, 45, 3),
(204, 'Aaron', 'Adams', 'Monsieur', '120 rue Paradis', '', '0601234567', 'aaronadams@streamline.net', '1984-06-17', NULL, NULL, 66, 2),
(205, 'Maya', 'Boyle', 'Madame', '122 avenue Lumière', '', '0698765432', 'mayaboyle@flowmail.com', '1992-09-22', NULL, NULL, 48, 5),
(206, 'Cyrus', 'Chase', 'Monsieur', '124 boulevard Horizon', '', '0678901234', 'cyruschase@breezepost.net', '1979-11-30', NULL, NULL, 33, 3),
(207, 'Nina', 'Drake', 'Madame', '126 impasse Étoile', '', '0654321987', 'ninadrake@airmail.co', '1983-03-05', NULL, NULL, 1, 5),
(208, 'Dante', 'Earl', 'Monsieur', '128 place Soleil', '', '0632198765', 'danteearl@ethermail.com', '1968-05-19', NULL, NULL, 84, 3),
(209, 'Olive', 'Ford', 'Madame', '130 rue Lune', '', '0612345897', 'oliveford@cloudsend.org', '1975-08-13', NULL, NULL, 37, 2),
(210, 'Elias', 'Grove', 'Monsieur', '132 avenue Mars', '', '0698765432', 'eliasgrove@skywrite.net', '1980-12-07', NULL, NULL, 10, 7),
(211, 'Pearl', 'Hale', 'Madame', '134 boulevard Venus', '', '0678912345', 'pearlhale@stratosmail.com', '1979-12-12', 2, NULL, 76, 2),
(212, 'Finn', 'Ives', 'Monsieur', '136 impasse Mercure', '', '0656789123', 'finnives@zephyremail.net', '1986-03-22', 8, NULL, 76, 4),
(213, 'Quinn', 'Joy', 'Madame', '138 place Jupiter', '', '0645678912', 'quinnjoy@galemail.com', '1990-07-07', NULL, NULL, 81, 4),
(214, 'Ashton', 'Knox', 'Monsieur', '1 rue Nova', '', '0601234567', 'ashtonknox@novaemail.net', '1984-06-17', NULL, NULL, 12, 6),
(215, 'Keira', 'Lloyd', 'Madame', '2 avenue Lumina', '', '0698765432', 'keiralloyd@luminamail.com', '1992-09-22', NULL, NULL, 53, 1),
(216, 'Beau', 'Mann', 'Monsieur', '3 boulevard Stellar', '', '0678901234', 'beaumann@stellarbox.net', '1979-11-30', NULL, NULL, 45, 3),
(217, 'Lila', 'Noble', 'Madame', '4 impasse Orion', '', '0654321987', 'lilanoble@orionpost.co', '1983-03-05', NULL, NULL, 80, 1),
(218, 'Calvin', 'Oaks', 'Monsieur', '5 place Cosmos', '', '0632198765', 'calvinoaks@cosmosmail.org', '1968-05-19', NULL, NULL, 82, 7),
(219, 'Mira', 'Pike', 'Madame', '6 rue Galaxy', '', '0612345897', 'mirapike@galaxymail.net', '1975-08-13', NULL, NULL, 45, 2),
(220, 'Drew', 'Quade', 'Monsieur', '7 avenue Comet', '', '0698765432', 'drewquade@cometmail.com', '1980-12-07', NULL, NULL, 10, 2),
(221, 'Nola', 'Rush', 'Madame', '8 boulevard Meteor', '', '0678912345', 'nolarush@meteorinbox.net', '1979-12-12', 2, NULL, 42, 10),
(222, 'Emmett', 'Sage', 'Monsieur', '9 impasse Lunar', '', '0656789123', 'emmettsage@lunarmail.co', '1986-03-22', NULL, NULL, 40, 1),
(223, 'Opal', 'Tate', 'Madame', '10 place Solar', '', '0645678912', 'opaltate@solarpost.net', '1990-07-07', NULL, NULL, 58, 3),
(224, 'Alden', 'Lang', 'Monsieur', '11 rue de la Paix', '', '0601234567', 'aldenlang@peacefulmail.com', '1984-06-17', NULL, NULL, 29, 2),
(225, 'Leah', 'Moss', 'Madame', '12 avenue de l\'Harmonie', '', '0698765432', 'leahmoss@harmonymail.net', '1992-09-22', NULL, NULL, 70, 5),
(226, 'Brock', 'Nair', 'Monsieur', '13 boulevard de la Sérénité', '', '0678901234', 'brocknair@serenitybox.io', '1979-11-30', NULL, NULL, 64, 7),
(227, 'Maeve', 'Owen', 'Madame', '14 impasse du Silence', '', '0654321987', 'maeveowen@silentpost.com', '1983-03-05', NULL, NULL, 51, 1),
(228, 'Cain', 'Pace', 'Monsieur', '15 place de l\'Espoir', '', '0632198765', 'cainpace@hopefulmail.net', '1968-05-19', NULL, NULL, 64, 9),
(229, 'Nia', 'Quill', 'Madame', '16 rue du Bonheur', '', '0612345897', 'niaquill@happypost.co', '1975-08-13', NULL, NULL, 23, 4),
(230, 'Dale', 'Reid', 'Monsieur', '17 avenue de la Chance', '', '0698765432', 'dalereid@luckymail.org', '1980-12-07', NULL, NULL, 16, 10),
(231, 'Pia', 'Shaw', 'Madame', '18 boulevard de la Lumière', '', '0678912345', 'piashaw@lightmail.net', '1979-12-12', 8, NULL, 53, 7),
(232, 'Evan', 'Tate', 'Monsieur', '19 impasse de la Félicité', '', '0656789123', 'evantate@joyfulinbox.com', '1986-03-22', NULL, NULL, 44, 8),
(233, 'Quinn', 'Voss', 'Madame', '20 place de la Tranquillité', '', '0645678912', 'quinnvoss@tranquilmail.com', '1990-07-07', NULL, NULL, 14, 4),
(234, 'Pierce', 'Langley', 'Monsieur', '21 rue du Verger', '', '0601234567', 'piercelangley@vertexmail.com', '1984-06-17', NULL, NULL, 2, 1),
(235, 'Brielle', 'Morrow', 'Madame', '22 avenue du Mont', '', '0698765432', 'briellemorrow@apexmail.net', '1992-09-22', 2, NULL, 5, 6),
(236, 'Quincy', 'North', 'Monsieur', '23 boulevard des Champs', '', '0678901234', 'quincynorth@summitdomain.com', '1979-11-30', NULL, NULL, 24, 4),
(237, 'Cecilia', 'Oakley', 'Madame', '24 impasse des Orchidées', '', '0654321987', 'ceciliaoakley@peakpost.net', '1983-03-05', NULL, NULL, 43, 3),
(238, 'Reed', 'Parrish', 'Monsieur', '25O place des Lilas', '', '0632198765', 'reedparrish@crestlineemail.com', '1968-05-19', NULL, NULL, 20, 9),
(239, 'Dahlia', 'Quill', 'Madame', '26 rue des Peupliers', '', '0612345897', 'dahliaquill@highpointmail.com', '1975-08-13', NULL, NULL, 3, 2),
(240, 'Silas', 'Reid', 'Monsieur', '27 avenue des Tilleuls', '', '0698765432', 'silasreid@topridgeemail.net', '1980-12-07', NULL, NULL, 28, 10),
(241, 'Elodie', 'Shaw', 'Madame', '28 boulevard des Roses', '', '0678912345', 'elodieshaw@elevatedpost.com', '1979-12-12', NULL, NULL, 12, 10),
(242, 'Tate', 'Sutton', 'Monsieur', '29 impasse du Lavoir', '', '0656789123', 'tatesutton@ascendmail.com', '1986-03-22', NULL, NULL, 48, 10),
(243, 'Fiona', 'Thorne', 'Madame', '30 place des Vignes', '', '0645678912', 'fionathorne@skyhighmail.net', '1990-07-07', NULL, NULL, 65, 9),
(244, 'Blaine', 'Abbott', 'Monsieur', '29 rue du Lac', '', '0601234567', 'blaineabbott@windmail.com', '1984-06-17', NULL, NULL, 50, 9),
(245, 'Miranda', 'Brady', 'Madame', '85 avenue de la Forêt', '', '0698765432', 'mirandabrady@streaminbox.net', '1992-09-22', NULL, NULL, 24, 2),
(246, 'Curtis', 'Carter', 'Monsieur', '84 boulevard du Parc', '', '0678901234', 'curtiscarter@tideemail.com', '1979-11-30', NULL, NULL, 71, 7),
(247, 'Nadia', 'Dalton', 'Madame', '70 impasse des Fleurs', '', '0654321987', 'nadiadalton@moonpost.org', '1983-03-05', NULL, NULL, 5, 3),
(248, 'Dexter', 'Edwards', 'Monsieur', '91 place de la Victoire', '', '0632198765', 'dexteredwards@sunlightmail.com', '1968-05-19', NULL, NULL, 78, 9),
(249, 'Octavia', 'Fisher', 'Madame', '34 rue de l\'Éclipse', '', '0612345897', 'octaviafisher@starmail.net', '1975-08-13', NULL, NULL, 25, 8),
(250, 'Emilio', 'Griffin', 'Monsieur', '27 avenue du Crépuscule', '', '0698765432', 'emiliogriffin@cometinbox.com', '1980-12-07', NULL, NULL, 43, 1),
(251, 'Penelope', 'Harper', 'Madame', '28 boulevard de l\'Aurore', '', '0678912345', 'penelopeharper@galaxyemail.net', '1979-12-12', NULL, NULL, 34, 8),
(252, 'Fletcher', 'Irwin', 'Monsieur', '52 impasse de la Lune', '', '0656789123', 'fletcherirwin@nebulamail.com', '1986-03-22', NULL, NULL, 34, 1),
(253, 'Quincy', 'Jensen', 'Madame', '38 place du Soleil', '', '0645678912', 'quincyjensen@orbitmail.org', '1990-07-07', NULL, NULL, 63, 7),
(254, 'Gavin', 'King', 'Monsieur', '57 rue des Orchidées', '', '0601234567', 'gavinking@quickpost.net', '1984-06-17', NULL, NULL, 6, 3),
(255, 'Savannah', 'Lawson', 'Madame', '43 avenue des Azalées', '', '0698765432', 'savannahlawson@rapidmail.co', '1992-09-22', NULL, NULL, 62, 1),
(256, 'Hector', 'Marshall', 'Monsieur', '84 boulevard des Magnolias', '', '0678901234', 'hectormarshall@flashinbox.com', '1979-11-30', NULL, NULL, 39, 10),
(257, 'Talia', 'Nixon', 'Madame', '22 impasse des Camélias', '', '0654321987', 'talianixon@instantmail.net', '1983-03-05', NULL, NULL, 71, 1),
(258, 'Ivan', 'O\'Connell', 'Monsieur', '99 place des Anémones', '', '0632198765', 'ivano\'connell@speedymail.org', '1968-05-19', NULL, NULL, 4, 4),
(259, 'Uma', 'Patterson', 'Madame', '2 rue des Dahlias', '', '0612345897', 'umapatterson@expressbox.net', '1975-08-13', NULL, NULL, 28, 2),
(260, 'Joel', 'Quinn', 'Monsieur', '76 avenue des Bégonias', '', '0698765432', 'joelquinn@velocityemail.com', '1980-12-07', NULL, NULL, 11, 8),
(261, 'Vera', 'Rivers', 'Madame', '65 boulevard des Chrysanthèmes', '', '0678912345', 'verarivers@zippymail.co', '1979-12-12', NULL, NULL, 36, 6),
(262, 'Kai', 'Stewart', 'Monsieur', '34 impasse de la Lune', '', '0656789123', 'kaistewart@fastmailservice.com', '1986-03-22', NULL, NULL, 73, 6),
(263, 'Wendy', 'Turner', 'Madame', '29 place des Hortensias', '', '0645678912', 'wendyturner@easymailgo.com', '1990-07-07', NULL, NULL, 17, 4),
(264, 'Lance', 'Ulrich', 'Monsieur', '87 rue du Chêne', '', '0601234567', 'lanceulrich@nimblemessage.com', '1984-06-17', NULL, NULL, 82, 2),
(265, 'Bianca', 'Vance', 'Madame', '56 avenue de la Brise', '', '0698765432', 'biancavance@breezyemail.net', '1992-09-22', NULL, NULL, 63, 1),
(266, 'Marco', 'Warren', 'Monsieur', '22 boulevard de l\'Aube', '', '0678901234', 'marcowarren@lightfootmail.com', '1979-11-30', NULL, NULL, 7, 3),
(267, 'Clara', 'Xenos', 'Madame', '98 impasse du Désert', '', '0654321987', 'claraxenos@swiftshadow.net', '1983-03-05', NULL, NULL, 78, 1),
(268, 'Nigel', 'Yale', 'Monsieur', '34 place de l\'Oasis', '', '0632198765', 'nigelyale@quicksparkemail.com', '1968-05-19', NULL, NULL, 43, 4),
(269, 'Diana', 'Zane', 'Madame', '5 rue de l\'Orchidée', '', '0612345897', 'dianazane@rapidfiremail.co', '1975-08-13', NULL, NULL, 34, 8),
(270, 'Orion', 'Ashford', 'Monsieur', '63 avenue du Phoenix', '', '0698765432', 'orionashford@fleetflame.org', '1980-12-07', NULL, NULL, 42, 10),
(271, 'Eva', 'Beck', 'Madame', '77 boulevard du Quasar', '', '0678912345', 'evabeck@hastenmail.net', '1979-12-12', NULL, NULL, 36, 9),
(272, 'Blake', 'Allen', 'Monsieur', '65 Allée des Cerisiers', '', '0601234567', 'blakeallen@swiftconnect.com', '1984-06-17', NULL, NULL, 32, 1),
(273, 'Leah', 'Brooks', 'Madame', '24 Avenue des Peupliers', '', '0698765432', 'leahbrooks@echoemail.net', '1992-09-22', NULL, NULL, 32, 1),
(274, 'Connor', 'Carter', 'Monsieur', '15 Boulevard des Saules', '', '0678901234', 'connorcarter@pivotmail.com', '1979-11-30', NULL, NULL, 70, 5),
(275, 'Megan', 'Davis', 'Madame', '82 Chemin des Érables', '', '0654321987', 'megandavis@prismemail.net', '1983-03-05', NULL, NULL, 10, 2),
(276, 'Dylan', 'Evans', 'Monsieur', '38 Impasse des Oliviers', '', '0632198765', 'dylanevans@cascadeconnect.co', '1968-05-19', NULL, NULL, 37, 4),
(277, 'Nora', 'Foster', 'Madame', '96 Jardin des Magnolias', '', '0612345897', 'norafoster@rippleemail.com', '1975-08-13', NULL, NULL, 76, 4),
(278, 'Ethan', 'Green', 'Monsieur', '9 Parc des Lilas', '', '0698765432', 'ethangreen@tidepoolmail.net', '1980-12-07', NULL, NULL, 77, 10),
(279, 'Olivia', 'Hill', 'Madame', '58 Route des Lavandes', '', '0678912345', 'oliviahill@streamlineinbox.com', '1979-12-12', NULL, NULL, 69, 4),
(280, 'Finn', 'Irwin', 'Monsieur', '23 Sentier des Chênes', '', '0656789123', 'finnirwin@wavecrestmail.com', '1986-03-22', NULL, NULL, 38, 9),
(281, 'Phoebe', 'Johnson', 'Madame', '76 Voie des Orchidées', '', '0645678912', 'phoebejohnson@foamemail.net', '1990-07-07', NULL, NULL, 2, 1),
(282, 'Garrett', 'Langdon', 'Monsieur', '57 Rue Ambroise', '', '0601234567', 'garrettlangdon@elementmail.com', '1984-06-17', NULL, NULL, 37, 10),
(283, 'Luna', 'Morris', 'Madame', '43 Avenue Borel', '', '0698765432', 'lunamorris@currentemail.net', '1992-09-22', 2, NULL, 16, 3),
(284, 'Hudson', 'Nolan', 'Monsieur', '84 Boulevard Célestine', '', '0678901234', 'hudsonnolan@fluxinbox.com', '1979-11-30', NULL, NULL, 66, 8),
(285, 'Maya', 'O\'Donnell', 'Madame', '22 Impasse Dominique', '', '0654321987', 'mayao\'donnell@streamflowmail.com', '1983-03-05', NULL, NULL, 28, 7),
(286, 'Ivan', 'Parker', 'Monsieur', '99 Place Éloise', '', '0632198765', 'ivanparker@tidalwaveemail.net', '1968-05-19', NULL, NULL, 26, 10),
(287, 'Nina', 'Quincy', 'Madame', '2 Rue Fabien', '', '0612345897', 'ninaquincy@moonbeammail.com', '1975-08-13', NULL, NULL, 56, 9),
(288, 'Jasper', 'Reed', 'Monsieur', '76 Avenue Gabriel', '', '0698765432', 'jasperreed@solarflaremail.net', '1980-12-07', 5, NULL, 52, 4),
(289, 'Olivia', 'Sullivan', 'Madame', '65 Boulevard Héloïse', '', '0678912345', 'oliviasullivan@stellarwindemail.com', '1979-12-12', NULL, NULL, 1, 8),
(290, 'Kellan', 'Turner', 'Monsieur', '34 Impasse Irène', '', '0656789123', 'kellanturner@cosmicrayemail.com', '1986-03-22', NULL, NULL, 34, 8),
(291, 'Piper', 'Underhill', 'Madame', '29 Place Joachim', '', '0645678912', 'piperunderhill@nebulaemail.net', '1990-07-07', NULL, NULL, 79, 4),
(292, 'Ronan', 'Little', 'Monsieur', '48 Rue du Verger', '', '0601234567', 'ronanlittle@gmail.com', '1984-06-17', NULL, NULL, 74, 3),
(293, 'Bella', 'Mack', 'Madame', '3 Avenue des Arcades', '', '0698765432', 'bellamack@sfr.fr', '1992-09-22', NULL, NULL, 23, 5),
(294, 'Seth', 'Nash', 'Monsieur', '94 Boulevard de la Liberté', '', '0678901234', 'sethnash@yahoo.com', '1979-11-30', 5, NULL, 14, 7),
(295, 'Cara', 'Olsen', 'Madame', '67 Impasse du Lac', '', '0654321987', 'caraolsen@gmail.com', '1983-03-05', NULL, NULL, 46, 7),
(296, 'Tristan', 'Pitt', 'Monsieur', '29 Place de l\'Étoile', '', '0632198765', 'tristanpitt@sfr.fr', '1968-05-19', NULL, NULL, 21, 4),
(297, 'Daphne', 'Quinn', 'Madame', '15 Rue des Tulipes', '', '0612345897', 'daphnequinn@yahoo.com', '1975-08-13', 4, NULL, 19, 1),
(298, 'Ulysses', 'Reed', 'Monsieur', '77 Avenue du Soleil', '', '0698765432', 'ulyssesreed@gmail.com', '1980-12-07', 4, NULL, 56, 3),
(299, 'Ella', 'Sullivan', 'Madame', '85 Boulevard des Poètes', '', '0678912345', 'ellasullivan@sfr.fr', '1979-12-12', NULL, NULL, 83, 10),
(300, 'Vance', 'Turner', 'Monsieur', '56 Impasse des Violettes', '', '0656789123', 'vanceturner@yahoo.com', '1986-03-22', NULL, NULL, 78, 8),
(301, 'Fiona', 'Underhill', 'Madame', '18 Place du Marché', '', '0645678912', 'fionaunderhill@gmail.com', '1990-07-07', NULL, NULL, 44, 1),
(302, 'Bryce', 'Vaughn', 'Monsieur', '53 Route de l\'Espoir', '', '0601234567', 'brycevaughn@gmail.com', '1984-06-17', NULL, NULL, 58, 8),
(303, 'Layla', 'Wells', 'Madame', '14 Allée des Rêves', '', '0698765432', 'laylawells@yahoo.com', '1992-09-22', NULL, NULL, 48, 1),
(304, 'Colton', 'Xander', 'Monsieur', '96 Chemin de la Joie', '', '0678901234', 'coltonxander@sfr.fr', '1979-11-30', NULL, NULL, 5, 3),
(305, 'Mia', 'Young', 'Madame', '82 Sentier de la Sérénité', '', '0654321987', 'miayoung@gmail.com', '1983-03-05', NULL, NULL, 64, 4),
(306, 'Declan', 'Zimmerman', 'Monsieur', '71 Voie de la Tranquillité', '', '0632198765', 'declanzimmerman@yahoo.com', '1968-05-19', NULL, NULL, 15, 10),
(307, 'Noelle', 'Adams', 'Madame', '25 Passage du Bonheur', '', '0612345897', 'noelleadams@sfr.fr', '1975-08-13', NULL, NULL, 44, 1),
(308, 'Ezra', 'Bishop', 'Monsieur', '63 Ruelle de l\'Harmonie', '', '0698765432', 'ezrabishop@gmail.com', '1980-12-07', NULL, NULL, 58, 1),
(309, 'Ophelia', 'Chase', 'Madame', '45 Trajet de la Paix', '', '0678912345', 'opheliachase@yahoo.com', '1979-12-12', NULL, NULL, 30, 8),
(310, 'Felix', 'Dunn', 'Monsieur', '18 Circuit de la Chance', '', '0656789123', 'felixdunn@sfr.fr', '1986-03-22', NULL, NULL, 19, 1),
(311, 'Paige', 'Ellis', 'Madame', '37 Piste de l\'Aventure', '', '0645678912', 'paigeellis@gmail.com', '1990-07-07', NULL, NULL, 51, 3),
(312, 'Bryce', 'Vaughn', 'Monsieur', '53 Route de l\'Espoir', '', '0601234567', 'brycevaughn@gmail.com', '1984-06-17', NULL, NULL, 13, 2),
(313, 'Layla', 'Wells', 'Madame', '14 Allée des Rêves', '', '0698765432', 'laylawells@yahoo.com', '1992-09-22', NULL, NULL, 38, 9),
(314, 'Colton', 'Xander', 'Monsieur', '96 Chemin de la Joie', '', '0678901234', 'coltonxander@sfr.fr', '1979-11-30', NULL, NULL, 76, 3),
(315, 'Mia', 'Young', 'Madame', '82 Sentier de la Sérénité', '', '0654321987', 'miayoung@gmail.com', '1983-03-05', NULL, NULL, 6, 5),
(316, 'Declan', 'Zimmerman', 'Monsieur', '71 Voie de la Tranquillité', '', '0632198765', 'declanzimmerman@yahoo.com', '1968-05-19', NULL, NULL, 48, 5),
(317, 'Noelle', 'Adams', 'Madame', '25 Passage du Bonheur', '', '0612345897', 'noelleadams@sfr.fr', '1975-08-13', 2, NULL, 65, 7),
(318, 'Ezra', 'Bishop', 'Monsieur', '63 Ruelle de l\'Harmonie', '', '0698765432', 'ezrabishop@gmail.com', '1980-12-07', NULL, NULL, 25, 4),
(319, 'Ophelia', 'Chase', 'Madame', '45 Trajet de la Paix', '', '0678912345', 'opheliachase@yahoo.com', '1979-12-12', NULL, NULL, 62, 5),
(320, 'Felix', 'Dunn', 'Monsieur', '18 Circuit de la Chance', '', '0656789123', 'felixdunn@sfr.fr', '1986-03-22', NULL, NULL, 30, 2),
(321, 'Paige', 'Ellis', 'Madame', '37 Piste de l\'Aventure', '', '0645678912', 'paigeellis@gmail.com', '1990-07-07', NULL, NULL, 50, 6),
(322, 'Mason', 'Garcia', 'Monsieur', '32 Rue de la Paix', '', '0654321987', 'masongarcia@gmail.com', '1983-03-05', NULL, NULL, 83, 6),
(323, 'Sophia', 'Miller', 'Madame', '47 Avenue des Lilas', '', '0612345897', 'sophiamiller@sfr.fr', '1975-08-13', NULL, NULL, 31, 4),
(324, 'Benjamin', 'Smith', 'Monsieur', '18 Boulevard de la Liberté', '', '0632198765', 'benjaminsmith@yahoo.com', '1968-05-19', NULL, NULL, 70, 9),
(325, 'Charlotte', 'Johnson', 'Madame', '84 Impasse des Roses', '', '0698765432', 'charlottejohnson@orange.fr', '1980-12-07', NULL, NULL, 80, 4),
(326, 'Lucas', 'Martinez', 'Monsieur', '56 Place du Soleil', '', '0678912345', 'lucasmartinez@gmail.com', '1979-12-12', NULL, NULL, 31, 4),
(327, 'Evelyn', 'Williams', 'Madame', '39 Rue des Chênes', '', '0645678912', 'evelynwilliams@sfr.fr', '1986-03-22', NULL, NULL, 20, 9),
(328, 'Alexander', 'Brown', 'Monsieur', '21 Avenue de la République', '', '0601234567', 'alexanderbrown@gmail.com', '1990-07-07', NULL, NULL, 2, 8),
(329, 'Isabella', 'Jones', 'Madame', '76 Boulevard des Orangers', '', '0690987654', 'isabellajones@free.fr', '1984-06-17', NULL, NULL, 49, 2),
(330, 'Noah', 'Rodriguez', 'Monsieur', '43 Allée des Mimosas', '', '0687654321', 'noahrodriguez@orange.fr', '1992-09-22', NULL, NULL, 37, 10),
(331, 'Ava', 'Martinez', 'Madame', '93 Passage du Lac', '', '0678901234', 'avamartinez@yahoo.com', '1978-11-30', NULL, NULL, 23, 6),
(332, 'Ethan', 'Anderson', 'Monsieur', '29 Rue de la Victoire', '', '0623487091', 'ethananderson@sfr.fr', '1982-07-14', NULL, NULL, 22, 5),
(333, 'Harper', 'Bailey', 'Madame', '82 Avenue des Roses', '', '0698712345', 'harperbailey@free.fr', '1989-11-25', NULL, NULL, 72, 6),
(334, 'Logan', 'Cooper', 'Monsieur', '15 Boulevard de la Liberté', '', '0654321890', 'logancooper@yahoo.com', '1973-04-02', NULL, NULL, 69, 10),
(335, 'Aria', 'Evans', 'Madame', '47 Chemin des Coquelicots', '', '0612378904', 'ariaevans@sfr.fr', '1987-08-09', NULL, NULL, 78, 5),
(336, 'Liam', 'Graham', 'Monsieur', '56 Impasse des Hirondelles', '', '0632187092', 'liamgraham@yahoo.com', '1981-12-17', NULL, NULL, 65, 6),
(337, 'Ella', 'Harrison', 'Madame', '71 Place de la Paix', '', '0678901234', 'ellaharrison@orange.fr', '1979-03-28', NULL, NULL, 23, 2),
(338, 'Oliver', 'Jordan', 'Monsieur', '38 Allée du Printemps', '', '0645678901', 'oliverjordan@free.fr', '1976-06-11', NULL, NULL, 8, 1),
(339, 'Scarlett', 'Kennedy', 'Madame', '94 Rue de l\'Espoir', '', '0665432189', 'scarlettkennedy@yahoo.com', '1984-10-03', NULL, NULL, 18, 1),
(340, 'Jackson', 'Lopez', 'Monsieur', '23 Avenue de la Liberté', '', '0623458712', 'jacksonlopez@orange.fr', '1972-01-31', NULL, NULL, 81, 10),
(341, 'Chloe', 'Morgan', 'Madame', '57 Boulevard du Printemps', '', '0690123456', 'chloemorgan@sfr.fr', '1991-05-22', NULL, NULL, 68, 3),
(342, 'Ethan', 'Anderson', 'Monsieur', '29 Rue de la Victoire', '', '0623487091', 'ethananderson@sfr.fr', '1982-07-14', NULL, NULL, 17, 2),
(343, 'Harper', 'Bailey', 'Madame', '82 Avenue des Roses', '', '0698712345', 'harperbailey@free.fr', '1989-11-25', NULL, NULL, 46, 10),
(344, 'Logan', 'Cooper', 'Monsieur', '15 Boulevard de la Liberté', '', '0654321890', 'logancooper@yahoo.com', '1973-04-02', NULL, NULL, 47, 4),
(345, 'Aria', 'Evans', 'Madame', '47 Chemin des Coquelicots', '', '0612378904', 'ariaevans@sfr.fr', '1987-08-09', NULL, NULL, 69, 4),
(346, 'Liam', 'Graham', 'Monsieur', '56 Impasse des Hirondelles', '', '0632187092', 'liamgraham@yahoo.com', '1981-12-17', NULL, NULL, 48, 9),
(347, 'Ella', 'Harrison', 'Madame', '71 Place de la Paix', '', '0678901234', 'ellaharrison@orange.fr', '1979-03-28', 1, NULL, 47, 8),
(348, 'Oliver', 'Jordan', 'Monsieur', '38 Allée du Printemps', '', '0645678901', 'oliverjordan@free.fr', '1976-06-11', NULL, NULL, 77, 8),
(349, 'Scarlett', 'Kennedy', 'Madame', '94 Rue de l\'Espoir', '', '0665432189', 'scarlettkennedy@yahoo.com', '1984-10-03', NULL, NULL, 37, 8),
(350, 'Jackson', 'Lopez', 'Monsieur', '23 Avenue de la Liberté', '', '0623458712', 'jacksonlopez@orange.fr', '1972-01-31', NULL, NULL, 38, 4),
(351, 'Chloe', 'Morgan', 'Madame', '57 Boulevard du Printemps', '', '0690123456', 'chloemorgan@sfr.fr', '1991-05-22', NULL, NULL, 44, 4),
(352, 'Emma', 'Johnson', 'Madame', '41 Rue des Acacias', '', '0632456789', 'emmajohnson@orange.fr', '1983-09-10', NULL, NULL, 73, 8),
(353, 'William', 'Brown', 'Monsieur', '76 Avenue de la Liberté', '', '0678234567', 'williambrown@sfr.fr', '1989-04-25', NULL, NULL, 36, 3),
(354, 'Ava', 'Garcia', 'Madame', '28 Boulevard du Temple', '', '0612345678', 'avagarcia@free.fr', '1977-11-15', 1, NULL, 80, 3),
(355, 'Oliver', 'Martinez', 'Monsieur', '52 Impasse des Roses', '', '0645678901', 'olivermartinez@yahoo.com', '1982-06-30', NULL, NULL, 35, 3),
(356, 'Sophia', 'Lopez', 'Madame', '17 Rue de la Paix', '', '0698765432', 'sophialopez@sfr.fr', '1985-12-07', NULL, NULL, 56, 10),
(357, 'Noah', 'Harris', 'Monsieur', '89 Avenue des Champs-Élysées', '', '0623456789', 'noahharris@yahoo.com', '1978-03-18', NULL, NULL, 71, 10),
(358, 'Isabella', 'Clark', 'Madame', '33 Boulevard Saint-Germain', '', '0678901234', 'isabellaclark@orange.fr', '1989-08-22', NULL, NULL, 54, 4),
(359, 'Liam', 'King', 'Monsieur', '47 Rue de Rivoli', '', '0689012345', 'liamking@free.fr', '1974-05-20', NULL, NULL, 54, 6);
INSERT INTO `person` (`id_person`, `firstname_person`, `lastname_person`, `civil_status_person`, `address_1_person`, `address_2_person`, `phone_person`, `email_person`, `birthdate_person`, `id_responsability_person`, `id_appuser`, `id_band`, `id_town`) VALUES
(360, 'Charlotte', 'Wright', 'Madame', '22 Avenue des Lilas', '', '0612378904', 'charlottewright@yahoo.com', '1987-10-12', NULL, NULL, 2, 7),
(361, 'Olivia', 'Adams', 'Madame', '75 Rue de la République', '', '0612345678', 'oliviaadams@sfr.fr', '1980-02-28', NULL, NULL, 33, 9),
(362, 'Benjamin', 'Smith', 'Monsieur', '11 Avenue Victor Hugo', '', '0698765432', 'benjaminsmith@free.fr', '1976-09-15', NULL, NULL, 70, 7),
(363, 'Emma', 'Rodriguez', 'Madame', '29 Boulevard des Capucines', '', '0623456789', 'emmarodriguez@yahoo.com', '1983-04-10', NULL, NULL, 54, 1),
(364, 'William', 'Lee', 'Monsieur', '54 Rue du Faubourg Saint-Honoré', '', '0678901234', 'williamlee@orange.fr', '1978-07-22', NULL, NULL, 50, 3),
(365, 'Sophia', 'Scott', 'Madame', '18 Avenue Montaigne', '', '0632187092', 'sophiascott@sfr.fr', '1985-12-05', NULL, NULL, 5, 9),
(366, 'Alexander', 'Lopez', 'Monsieur', '42 Rue de la Paix', '', '0690123456', 'alexanderlopez@yahoo.com', '1974-08-20', NULL, NULL, 32, 10),
(367, 'Isabella', 'Turner', 'Madame', '63 Boulevard Haussmann', '', '0654321890', 'isabellaturner@free.fr', '1989-10-12', NULL, NULL, 41, 7),
(368, 'James', 'Clark', 'Monsieur', '32 Avenue de la Grande Armée', '', '0645678901', 'jamesclark@orange.fr', '1973-06-20', NULL, NULL, 47, 1),
(369, 'Charlotte', 'Mitchell', 'Madame', '88 Rue de Rivoli', '', '0678234567', 'charlottemitchell@sfr.fr', '1987-11-12', NULL, NULL, 11, 8),
(370, 'Luna', 'Thompson', 'Madame', '5 Avenue des Tilleuls', '', '0623456789', 'lunathompson@sfr.fr', '1982-03-15', NULL, NULL, 36, 1),
(371, 'Leo', 'Davis', 'Monsieur', '77 Rue de la Paix', '', '0690123456', 'leodavis@free.fr', '1986-09-27', NULL, NULL, 69, 1),
(372, 'Aurora', 'Baker', 'Madame', '42 Boulevard Voltaire', '', '0632187092', 'aurorabaker@yahoo.com', '1979-11-08', NULL, NULL, 59, 7),
(373, 'Mateo', 'Evans', 'Monsieur', '29 Avenue de la République', '', '0654321890', 'mateoevans@orange.fr', '1975-05-19', NULL, NULL, 45, 8),
(374, 'Nova', 'Perez', 'Madame', '18 Rue des Lilas', '', '0678234567', 'novaperez@sfr.fr', '1988-07-12', NULL, NULL, 22, 4),
(375, 'Eli', 'Turner', 'Monsieur', '55 Avenue Foch', '', '0645678901', 'eliturner@yahoo.com', '1983-04-25', NULL, NULL, 25, 6),
(376, 'Stella', 'Hernandez', 'Madame', '91 Rue du Faubourg Saint-Antoine', '', '0612378904', 'stellahernandez@free.fr', '1977-10-03', NULL, NULL, 43, 8),
(377, 'Sebastian', 'Gonzalez', 'Monsieur', '12 Boulevard des Batignolles', '', '0698765432', 'sebastiangonzalez@orange.fr', '1981-12-15', NULL, NULL, 27, 3),
(378, 'Aria', 'Collins', 'Madame', '33 Avenue de la Grande Armée', '', '0689012345', 'ariacollins@sfr.fr', '1984-08-28', NULL, NULL, 69, 7),
(379, 'Luna', 'Thompson', 'Madame', '5 Avenue des Tilleuls', '', '0623456789', 'lunathompson@sfr.fr', '1982-03-15', NULL, NULL, 20, 2),
(380, 'Leo', 'Davis', 'Monsieur', '77 Rue de la Paix', '', '0690123456', 'leodavis@free.fr', '1986-09-27', NULL, NULL, 27, 3),
(381, 'Aurora', 'Baker', 'Madame', '42 Boulevard Voltaire', '', '0632187092', 'aurorabaker@yahoo.com', '1979-11-08', NULL, NULL, 11, 3),
(382, 'Mateo', 'Evans', 'Monsieur', '29 Avenue de la République', '', '0654321890', 'mateoevans@orange.fr', '1975-05-19', NULL, NULL, 80, 6),
(383, 'Nova', 'Perez', 'Madame', '18 Rue des Lilas', '', '0678234567', 'novaperez@sfr.fr', '1988-07-12', NULL, NULL, 19, 7),
(384, 'Eli', 'Turner', 'Monsieur', '55 Avenue Foch', '', '0645678901', 'eliturner@yahoo.com', '1983-04-25', NULL, NULL, 33, 9),
(385, 'Stella', 'Hernandez', 'Madame', '91 Rue du Faubourg Saint-Antoine', '', '0612378904', 'stellahernandez@free.fr', '1977-10-03', NULL, NULL, 22, 8),
(386, 'Sebastian', 'Gonzalez', 'Monsieur', '12 Boulevard des Batignolles', '', '0698765432', 'sebastiangonzalez@orange.fr', '1981-12-15', NULL, NULL, 59, 8),
(387, 'Aria', 'Collins', 'Madame', '33 Avenue de la Grande Armée', '', '0689012345', 'ariacollins@sfr.fr', '1984-08-28', NULL, NULL, 49, 10),
(388, 'Sophie', 'Robinson', 'Madame', '14 Rue de la Liberté', '', '0623456789', 'sophierobinson@sfr.fr', '1982-06-10', NULL, NULL, 57, 3),
(389, 'Liam', 'Anderson', 'Monsieur', '37 Avenue de la République', '', '0678901234', 'liamanderson@free.fr', '1987-09-22', NULL, NULL, 45, 6),
(390, 'Chloe', 'Lewis', 'Madame', '68 Boulevard Voltaire', '', '0612345678', 'chloelewis@yahoo.com', '1984-04-15', NULL, NULL, 9, 8),
(391, 'Jacob', 'Harris', 'Monsieur', '29 Avenue Foch', '', '0690123456', 'jacobharris@orange.fr', '1978-11-30', 4, NULL, 10, 10),
(392, 'Emily', 'Martin', 'Madame', '45 Rue des Lilas', '', '0632187092', 'emilymartin@sfr.fr', '1981-08-18', NULL, NULL, 8, 2),
(393, 'Mason', 'Walker', 'Monsieur', '22 Avenue Montaigne', '', '0654321890', 'masonwalker@yahoo.com', '1986-03-25', NULL, NULL, 33, 8),
(394, 'Amelia', 'White', 'Madame', '81 Boulevard Haussmann', '', '0678234567', 'ameliawhite@free.fr', '1977-07-12', NULL, NULL, 38, 7),
(395, 'Ethan', 'Taylor', 'Monsieur', '50 Rue du Faubourg Saint-Antoine', '', '0612378904', 'ethantaylor@sfr.fr', '1980-05-28', NULL, NULL, 4, 5),
(396, 'Ava', 'Johnson', 'Madame', '17 Avenue de la Grande Armée', '', '0689012345', 'avajohnson@orange.fr', '1983-12-10', NULL, NULL, 32, 1),
(397, 'Nathan', 'Cooper', 'Monsieur', '10 Rue de la Paix', '', '0612345678', 'nathancooper@sfr.fr', '1980-01-25', NULL, NULL, 63, 5),
(398, 'Mia', 'Stewart', 'Madame', '27 Avenue des Champs-Élysées', '', '0678901234', 'miastewart@free.fr', '1985-03-18', NULL, NULL, 74, 7),
(399, 'Elijah', 'Morris', 'Monsieur', '45 Boulevard Voltaire', '', '0623456789', 'elijahmorris@yahoo.com', '1976-06-30', NULL, NULL, 23, 2),
(400, 'Ava', 'Ross', 'Madame', '62 Rue du Faubourg Saint-Honoré', '', '0690123456', 'avaross@orange.fr', '1982-09-12', NULL, NULL, 51, 8),
(401, 'Lucas', 'Watson', 'Monsieur', '28 Avenue Montaigne', '', '0632187092', 'lucaswatson@sfr.fr', '1979-11-22', NULL, NULL, 19, 1),
(402, 'Chloe', 'Garcia', 'Madame', '51 Rue de Rivoli', '', '0654321890', 'chloegarcia@yahoo.com', '1987-02-15', NULL, NULL, 35, 8),
(403, 'Daniel', 'Martinez', 'Monsieur', '37 Boulevard Haussmann', '', '0678234567', 'danielmartinez@free.fr', '1984-08-10', NULL, NULL, 10, 6),
(404, 'Harper', 'Young', 'Madame', '74 Avenue de la Grande Armée', '', '0612378904', 'harperyoung@sfr.fr', '1981-12-05', NULL, NULL, 44, 6),
(405, 'Mason', 'Lopez', 'Monsieur', '19 Avenue Marceau', '', '0689012345', 'masonlopez@orange.fr', '1978-10-28', NULL, NULL, 84, 4),
(406, 'Théo', 'Lefevre', 'Monsieur', '15 Rue de la Paix', '', '0623456789', 'theolefevre@sfr.fr', '1980-04-25', NULL, NULL, 50, 7),
(407, 'Manon', 'Martin', 'Madame', '28 Avenue des Champs-Élysées', '', '0678901234', 'manonmartin@free.fr', '1985-07-18', NULL, NULL, 38, 6),
(408, 'Louis', 'Dupont', 'Monsieur', '42 Boulevard Voltaire', '', '0612345678', 'louisdupont@yahoo.com', '1976-10-30', NULL, NULL, 51, 4),
(409, 'Emma', 'Leroy', 'Madame', '57 Rue du Faubourg Saint-Honoré', '', '0690123456', 'emmaleroy@orange.fr', '1982-11-12', NULL, NULL, 16, 2),
(410, 'Mathis', 'Roux', 'Monsieur', '33 Avenue Montaigne', '', '0632187092', 'mathisroux@sfr.fr', '1979-02-22', NULL, NULL, 13, 7),
(411, 'Inès', 'Laurent', 'Madame', '48 Rue des Lilas', '', '0654321890', 'ineslaurent@yahoo.com', '1987-05-15', 1, NULL, 30, 4),
(412, 'Adam', 'Girard', 'Monsieur', '22 Boulevard Haussmann', '', '0678234567', 'adamgirard@free.fr', '1984-08-10', NULL, NULL, 67, 4),
(413, 'Zoé', 'David', 'Madame', '71 Avenue de la Grande Armée', '', '0612378904', 'zoedavid@sfr.fr', '1981-12-05', 8, NULL, 24, 8),
(414, 'Nathan', 'Bonnet', 'Monsieur', '19 Avenue Marceau', '', '0689012345', 'nathanbonnet@orange.fr', '1978-10-28', NULL, NULL, 46, 6),
(415, 'Lucas', 'Lefebvre', 'Monsieur', '25 Rue de la Paix', '', '0623456789', 'lucaslefebvre@sfr.fr', '1980-04-25', NULL, NULL, 48, 3),
(416, 'Manon', 'Lemoine', 'Madame', '28 Avenue des Champs-Élysées', '', '0678901234', 'manonlemoine@free.fr', '1985-07-18', NULL, NULL, 57, 10),
(417, 'Antoine', 'Martin', 'Monsieur', '42 Boulevard Voltaire', '', '0612345678', 'antoinemartin@yahoo.com', '1976-10-30', NULL, NULL, 80, 10),
(418, 'Emma', 'Rousseau', 'Madame', '57 Rue du Faubourg Saint-Honoré', '', '0690123456', 'emmarousseau@orange.fr', '1982-11-12', NULL, NULL, 64, 7),
(419, 'Louis', 'Dubois', 'Monsieur', '33 Avenue Montaigne', '', '0632187092', 'louisdubois@sfr.fr', '1979-02-22', 3, NULL, 64, 4),
(420, 'Charlotte', 'Girard', 'Madame', '48 Rue des Lilas', '', '0654321890', 'charlottegirard@yahoo.com', '1987-05-15', NULL, NULL, 17, 1),
(421, 'Théo', 'Leroy', 'Monsieur', '22 Boulevard Haussmann', '', '0678234567', 'theoleroy@free.fr', '1984-08-10', NULL, NULL, 67, 5),
(422, 'Chloé', 'Brun', 'Madame', '71 Avenue de la Grande Armée', '', '0612378904', 'chloébrun@sfr.fr', '1981-12-05', NULL, NULL, 68, 6),
(423, 'Hugo', 'Moreau', 'Monsieur', '19 Avenue Marceau', '', '0689012345', 'hugomoreau@orange.fr', '1978-10-28', 4, NULL, 3, 9),
(424, 'Julien', 'Lefevre', 'Monsieur', '45 Rue de la Paix', '', '0623456789', 'julienlefevre@sfr.fr', '1980-04-25', NULL, NULL, 28, 9),
(425, 'Camille', 'Martin', 'Madame', '30 Avenue des Champs-Élysées', '', '0678901234', 'camillemartin@free.fr', '1985-07-18', NULL, NULL, 1, 4),
(426, 'Gabriel', 'Roux', 'Monsieur', '57 Boulevard Voltaire', '', '0612345678', 'gabrielroux@yahoo.com', '1976-10-30', NULL, NULL, 60, 4),
(427, 'Léa', 'Lemoine', 'Madame', '12 Rue du Faubourg Saint-Honoré', '', '0690123456', 'lealemoine@orange.fr', '1982-11-12', NULL, NULL, 64, 10),
(428, 'Maxime', 'Durand', 'Monsieur', '38 Avenue Montaigne', '', '0632187092', 'maximedurand@sfr.fr', '1979-02-22', 7, NULL, 32, 6),
(429, 'Léa', 'Leroy', 'Madame', '50 Rue des Lilas', '', '0654321890', 'lealeroy@yahoo.com', '1987-05-15', NULL, NULL, 79, 3),
(430, 'Théo', 'Girard', 'Monsieur', '25 Boulevard Haussmann', '', '0678234567', 'theogirard@free.fr', '1984-08-10', NULL, NULL, 41, 5),
(431, 'Emma', 'Brun', 'Madame', '73 Avenue de la Grande Armée', '', '0612378904', 'emmabrun@sfr.fr', '1981-12-05', NULL, NULL, 54, 6),
(432, 'Thomas', 'Moreau', 'Monsieur', '15 Avenue Marceau', '', '0689012345', 'thomasmoreau@orange.fr', '1978-10-28', NULL, NULL, 4, 10),
(433, 'Alexandre', 'Petit', 'Monsieur', '15 Rue de la Liberté', '', '0698765432', 'alexandrepetit@yahoo.com', '1980-05-20', NULL, NULL, 57, 5),
(434, 'Élise', 'Morel', 'Madame', '29 Avenue de la République', '', '0678901234', 'elisemorel@sfr.fr', '1983-07-15', NULL, NULL, 73, 5),
(435, 'Louis', 'Dubois', 'Monsieur', '47 Boulevard Saint-Michel', '', '0612345678', 'louisdubois@free.fr', '1976-10-30', NULL, NULL, 60, 6),
(436, 'Sophie', 'Renaud', 'Madame', '50 Rue du Faubourg Saint-Antoine', '', '0690123456', 'sophierenaud@orange.fr', '1982-11-12', NULL, NULL, 15, 1),
(437, 'Antoine', 'Girard', 'Monsieur', '22 Avenue Montaigne', '', '0632187092', 'antoinegirard@sfr.fr', '1979-02-22', NULL, NULL, 29, 4),
(438, 'Charlotte', 'Lefebvre', 'Madame', '18 Rue de la Paix', '', '0654321890', 'charlottelefebvre@yahoo.com', '1987-05-15', NULL, NULL, 70, 5),
(439, 'Théo', 'Dubois', 'Monsieur', '33 Boulevard Haussmann', '', '0678234567', 'theodubois@free.fr', '1984-08-10', NULL, NULL, 22, 7),
(440, 'Emma', 'Lemoine', 'Madame', '71 Avenue des Champs-Élysées', '', '0612378904', 'emmalemoine@sfr.fr', '1981-12-05', NULL, NULL, 65, 10),
(441, 'Hugo', 'Rousseau', 'Monsieur', '19 Avenue Marceau', '', '0689012345', 'hugorusseau@orange.fr', '1978-10-28', NULL, NULL, 83, 2),
(442, 'Lucas', 'Giroux', 'Monsieur', '7 Rue de la Victoire', '', '0698765432', 'lucasgiroux@yahoo.com', '1980-05-20', NULL, NULL, 59, 7),
(443, 'Chloé', 'Martel', 'Madame', '31 Avenue de la Liberté', '', '0678901234', 'chloemartel@sfr.fr', '1983-07-15', NULL, NULL, 57, 7),
(444, 'Julien', 'Blanchard', 'Monsieur', '48 Boulevard des Capucines', '', '0612345678', 'julienblanchard@free.fr', '1976-10-30', NULL, NULL, 82, 10),
(445, 'Léa', 'Dubois', 'Madame', '56 Rue du Faubourg Saint-Honoré', '', '0690123456', 'leadubois@orange.fr', '1982-11-12', NULL, NULL, 32, 5),
(446, 'Théo', 'Roux', 'Monsieur', '23 Avenue Montaigne', '', '0632187092', 'theoroux@sfr.fr', '1979-02-22', NULL, NULL, 16, 8),
(447, 'Emma', 'Gagnon', 'Madame', '42 Rue des Lilas', '', '0654321890', 'emmagagnon@yahoo.com', '1987-05-15', NULL, NULL, 77, 6),
(448, 'Louis', 'Moreau', 'Monsieur', '38 Boulevard Haussmann', '', '0678234567', 'louismoreau@free.fr', '1984-08-10', NULL, NULL, 6, 10),
(449, 'Camille', 'Lefebvre', 'Madame', '59 Avenue de la Grande Armée', '', '0612378904', 'camillelefebvre@sfr.fr', '1981-12-05', NULL, NULL, 35, 3),
(450, 'Hugo', 'Lavoie', 'Monsieur', '19 Rue de Rivoli', '', '0689012345', 'hugolavoie@orange.fr', '1978-10-28', NULL, NULL, 71, 4),
(451, 'Gabriel', 'Lemieux', 'Monsieur', '8 Rue de la Paix', '', '0698765432', 'gabriellemieux@yahoo.com', '1980-05-20', NULL, NULL, 56, 6),
(452, 'Léa', 'Roy', 'Madame', '45 Avenue Victor Hugo', '', '0678901234', 'learoy@sfr.fr', '1983-07-15', NULL, NULL, 26, 2),
(453, 'Noah', 'Caron', 'Monsieur', '29 Boulevard de Strasbourg', '', '0612345678', 'noahcaron@free.fr', '1976-10-30', 6, NULL, 61, 7),
(454, 'Mila', 'Bergeron', 'Madame', '14 Rue de la Convention', '', '0690123456', 'milabergeron@orange.fr', '1982-11-12', NULL, NULL, 9, 1),
(455, 'Ethan', 'Lavoie', 'Monsieur', '37 Avenue des Ternes', '', '0632187092', 'ethanlavoie@sfr.fr', '1979-02-22', NULL, NULL, 19, 10),
(456, 'Mia', 'Pelletier', 'Madame', '20 Rue de la Croix Nivert', '', '0654321890', 'miapelletier@yahoo.com', '1987-05-15', NULL, NULL, 22, 2),
(457, 'Léo', 'Gagnon', 'Monsieur', '53 Boulevard Saint-Michel', '', '0678234567', 'leogagnon@free.fr', '1984-08-10', NULL, NULL, 28, 7),
(458, 'Zoé', 'Fournier', 'Madame', '18 Avenue de la Grande Armée', '', '0612378904', 'zoefournier@sfr.fr', '1981-12-05', NULL, NULL, 71, 4),
(459, 'Nathan', 'Lefebvre', 'Monsieur', '39 Rue de la Fayette', '', '0689012345', 'nathanlefebvre@orange.fr', '1978-10-28', NULL, NULL, 29, 10),
(460, 'Mathis', 'Dubois', 'Monsieur', '22 Rue Royale', '', '0678901234', 'mathisdubois@sfr.fr', '1980-05-20', NULL, NULL, 73, 1),
(461, 'Emma', 'Lambert', 'Madame', '15 Place des Palais', '', '0612345678', 'emmalambert@free.fr', '1983-07-15', 7, NULL, 55, 2),
(462, 'Hugo', 'Martens', 'Monsieur', '8 Boulevard de Waterloo', '', '0690123456', 'hugomartens@orange.fr', '1976-10-30', NULL, NULL, 58, 4),
(463, 'Zoé', 'Dumont', 'Madame', '42 Avenue Louise', '', '0632187092', 'zoedumont@sfr.fr', '1982-11-12', NULL, NULL, 13, 1),
(464, 'Louis', 'Jacobs', 'Monsieur', '17 Rue Neuve', '', '0654321890', 'louisjacobs@yahoo.com', '1979-02-22', NULL, NULL, 45, 8),
(465, 'Léa', 'Vanderbilt', 'Madame', '28 Rue du Bailli', '', '0678234567', 'leavanderbilt@free.fr', '1987-05-15', NULL, NULL, 39, 9),
(466, 'Nathan', 'Maes', 'Monsieur', '11 Avenue de la Toison d\'Or', '', '0612378904', 'nathanmaes@sfr.fr', '1984-08-10', NULL, NULL, 61, 2),
(467, 'Mila', 'Willems', 'Madame', '36 Rue des Fripiers', '', '0689012345', 'milawillems@orange.fr', '1981-12-05', NULL, NULL, 13, 1),
(468, 'Noah', 'Leclercq', 'Monsieur', '9 Place Sainte-Catherine', '', '0698765432', 'noahleclercq@yahoo.com', '1978-10-28', NULL, NULL, 42, 5),
(469, 'Adam', 'Vanderbilt', 'Monsieur', '25 Avenue de la Liberté', '', '0678901234', 'adamvanderbilt@sfr.fr', '1980-05-20', NULL, NULL, 74, 3),
(470, 'Emma', 'Leroy', 'Madame', '7 Rue de la Gare', '', '0612345678', 'emmaleroy@free.fr', '1983-07-15', NULL, NULL, 22, 1),
(471, 'Liam', 'Dubois', 'Monsieur', '14 Place du Marché', '', '0690123456', 'liamdubois@orange.fr', '1976-10-30', NULL, NULL, 56, 9),
(472, 'Chloé', 'Martens', 'Madame', '33 Rue de la Paix', '', '0632187092', 'chloemartens@sfr.fr', '1982-11-12', NULL, NULL, 24, 9),
(473, 'Arthur', 'Jacobs', 'Monsieur', '10 Avenue des Lilas', '', '0654321890', 'arthurjacobs@yahoo.com', '1979-02-22', NULL, NULL, 50, 8),
(474, 'Inès', 'Dumont', 'Madame', '22 Boulevard Haussmann', '', '0678234567', 'inesdumont@free.fr', '1987-05-15', NULL, NULL, 23, 8),
(475, 'Louis', 'Willems', 'Monsieur', '6 Avenue de la République', '', '0612378904', 'louiswillems@sfr.fr', '1984-08-10', NULL, NULL, 55, 3),
(476, 'Charlotte', 'Leclercq', 'Madame', '29 Rue du Commerce', '', '0689012345', 'charlotteleclercq@orange.fr', '1981-12-05', NULL, NULL, 70, 2),
(477, 'Gabriel', 'Maes', 'Monsieur', '18 Place du Châtelet', '', '0698765432', 'gabrielmaes@yahoo.com', '1978-10-28', NULL, NULL, 25, 8),
(478, 'Marius', 'Weber', 'Monsieur', '15 Rue de la Paix', '', '0678901234', 'mariusweber@sfr.fr', '1980-05-20', NULL, NULL, 20, 2),
(479, 'Elise', 'Schneider', 'Madame', '8 Avenue de la Liberté', '', '0612345678', 'eliseschneider@free.fr', '1983-07-15', NULL, NULL, 34, 8),
(480, 'Noah', 'Fischer', 'Monsieur', '21 Boulevard Haussmann', '', '0690123456', 'noahfischer@orange.fr', '1976-10-30', NULL, NULL, 83, 5),
(481, 'Léa', 'Klein', 'Madame', '14 Rue du Commerce', '', '0632187092', 'leaklein@sfr.fr', '1982-11-12', NULL, NULL, 75, 9),
(482, 'Hugo', 'Meyer', 'Monsieur', '9 Avenue des Lilas', '', '0654321890', 'hugomeyer@yahoo.com', '1979-02-22', NULL, NULL, 6, 3),
(483, 'Manon', 'Lambert', 'Madame', '27 Place du Marché', '', '0678234567', 'manonlambert@free.fr', '1987-05-15', NULL, NULL, 65, 4),
(484, 'Mathis', 'Wagner', 'Monsieur', '12 Avenue de la République', '', '0612378904', 'mathiswagner@sfr.fr', '1984-08-10', NULL, NULL, 84, 6),
(485, 'Lola', 'Simon', 'Madame', '36 Rue de la Gare', '', '0689012345', 'lolasimon@orange.fr', '1981-12-05', NULL, NULL, 53, 10),
(486, 'Tom', 'Hoffmann', 'Monsieur', '17 Place du Châtelet', '', '0698765432', 'tomhoffmann@yahoo.com', '1978-10-28', NULL, NULL, 45, 5),
(487, 'Mathis', 'Muller', 'Monsieur', '42 Rue de la Liberté', '', '0612345678', 'mathismuller@sfr.fr', '1980-04-15', NULL, NULL, 23, 10),
(488, 'Emma', 'Schmit', 'Madame', '27 Avenue des Roses', '', '0678901234', 'emmaschmit@yahoo.com', '1982-07-20', NULL, NULL, 5, 7),
(489, 'Nathan', 'Wagner', 'Monsieur', '15 Boulevard du Luxembourg', '', '0654321098', 'nathanwagner@free.fr', '1979-09-30', NULL, NULL, 55, 8),
(490, 'Léa', 'Fischer', 'Madame', '10 Rue de la Forêt', '', '0689012345', 'leafischer@sfr.fr', '1983-11-12', NULL, NULL, 35, 7),
(491, 'Noah', 'Meyer', 'Monsieur', '7 Avenue de la Paix', '', '0632187092', 'noahmeyer@orange.fr', '1978-02-22', NULL, NULL, 48, 2),
(492, 'Eva', 'Klein', 'Madame', '30 Rue de la République', '', '0690123456', 'evaklein@free.fr', '1981-05-15', NULL, NULL, 12, 4),
(493, 'Louis', 'Schneider', 'Monsieur', '25 Avenue du Parc', '', '0612378904', 'louisschneider@sfr.fr', '1984-08-10', NULL, NULL, 9, 3),
(494, 'Chloé', 'Weber', 'Madame', '5 Boulevard des Fleurs', '', '0654893210', 'chloeweber@yahoo.com', '1987-12-05', NULL, NULL, 73, 5),
(495, 'Gabriel', 'Simon', 'Monsieur', '12 Rue de la Source', '', '0678234567', 'gabrielsimon@orange.fr', '1976-10-28', NULL, NULL, 24, 5),
(496, 'Maximilian', 'Schulz', 'Monsieur', '17 Schlossallee', '', '0612345678', 'maximilianschulz@sfr.fr', '1980-04-15', NULL, NULL, 6, 10),
(497, 'Amelie', 'Fischer', 'Madame', '33 Brückenstraße', '', '0678901234', 'ameliefischer@yahoo.com', '1982-07-20', NULL, NULL, 53, 5),
(498, 'Lukas', 'Müller', 'Monsieur', '4 Marktplatz', '', '0654321098', 'lukasmüller@free.fr', '1979-09-30', 3, NULL, 7, 7),
(499, 'Sophie', 'Wagner', 'Madame', '29 Mühlenweg', '', '0689012345', 'sophiewagner@orange.fr', '1983-11-12', NULL, NULL, 19, 7),
(500, 'Felix', 'Becker', 'Monsieur', '56 Hauptstraße', '', '0632187092', 'felixbecker@free.fr', '1978-02-22', NULL, NULL, 29, 10),
(501, 'Mia', 'Hoffmann', 'Madame', '8 Lindenstraße', '', '0690123456', 'miahoffmann@sfr.fr', '1981-05-15', NULL, NULL, 44, 8),
(502, 'Paul', 'Schmidt', 'Monsieur', '42 Kirchstraße', '', '0612378904', 'paulschmidt@yahoo.com', '1984-08-10', NULL, NULL, 30, 8),
(503, 'Hannah', 'Koch', 'Madame', '21 Bergstraße', '', '0654893210', 'hannahkoch@orange.fr', '1987-12-05', NULL, NULL, 74, 2),
(504, 'Benjamin', 'Bauer', 'Monsieur', '6 Wilhelmstraße', '', '0678234567', 'benjaminbauer@sfr.fr', '1976-10-28', NULL, NULL, 52, 4),
(505, 'Antoine', 'Lefevre', 'Monsieur', '15 Rue de la Paix', '', '0612345678', 'antoinelefevre@yahoo.com', '1980-04-15', NULL, NULL, 52, 6),
(506, 'Emma', 'Martin', 'Madame', '33 Avenue des Fleurs', '', '0678901234', 'emmartin@sfr.fr', '1982-07-20', 4, NULL, 72, 6),
(507, 'Lucas', 'Dubois', 'Monsieur', '4 Boulevard Gambetta', '', '0654321098', 'lucasdubois@free.fr', '1979-09-30', NULL, NULL, 46, 3),
(508, 'Chloé', 'Moreau', 'Madame', '29 Rue de la Liberté', '', '0689012345', 'chloemoreau@sfr.fr', '1983-11-12', NULL, NULL, 71, 9),
(509, 'Maxime', 'Garcia', 'Monsieur', '56 Avenue Victor Hugo', '', '0632187092', 'maximegarcia@orange.fr', '1978-02-22', NULL, NULL, 24, 7),
(510, 'Sarah', 'Roux', 'Madame', '8 Rue Saint Michel', '', '0690123456', 'sarahroux@yahoo.com', '1981-05-15', NULL, NULL, 71, 5),
(511, 'Nathan', 'Picard', 'Monsieur', '42 Avenue du Général de Gaulle', '', '0612378904', 'nathanpicard@free.fr', '1984-08-10', NULL, NULL, 78, 8),
(512, 'Louise', 'Bernard', 'Madame', '21 Rue de la République', '', '0654893210', 'louisebernard@sfr.fr', '1987-12-05', NULL, NULL, 49, 3),
(513, 'Gabriel', 'Thomas', 'Monsieur', '6 Rue des Ecoles', '', '0678234567', 'gabrielthomas@orange.fr', '1976-10-28', NULL, NULL, 15, 8),
(514, 'Émilie', 'Leclerc', 'Madame', '17 Rue du Moulin', '', '0698765432', 'emilieleclerc@yahoo.com', '1980-03-25', 7, NULL, 1, 10),
(515, 'Théo', 'Dubois', 'Monsieur', '88 Avenue de la Gare', '', '0678563412', 'theodubois@sfr.fr', '1982-06-14', NULL, NULL, 73, 9),
(516, 'Camille', 'Lefebvre', 'Madame', '45 Rue Victor Hugo', '', '0687341256', 'camillelefebvre@free.fr', '1979-09-01', NULL, NULL, 16, 4),
(517, 'Mathis', 'Girard', 'Monsieur', '28 Boulevard des Roses', '', '0678912345', 'mathisgirard@orange.fr', '1983-11-22', NULL, NULL, 43, 10),
(518, 'Clara', 'Martinez', 'Madame', '39 Avenue de la République', '', '0690123456', 'claramartinez@sfr.fr', '1981-04-15', NULL, NULL, 25, 8),
(519, 'Lucie', 'Bertrand', 'Madame', '53 Rue du Paradis', '', '0654321987', 'luciebertrand@yahoo.com', '1984-07-10', NULL, NULL, 56, 6),
(520, 'Gabriel', 'Lemaire', 'Monsieur', '76 Boulevard Saint-Michel', '', '0687654321', 'gabriel.lemaire@yahoo.com', '1976-10-28', NULL, NULL, 55, 3),
(521, 'Manon', 'Renaud', 'Madame', '12 Rue de la Paix', '', '0612345678', 'manon.renaud@orange.fr', '1987-12-05', NULL, NULL, 47, 3),
(522, 'Louis', 'Fournier', 'Monsieur', '99 Avenue des Acacias', '', '0678901234', 'louis.fournier@free.fr', '1978-02-15', NULL, NULL, 56, 1),
(523, 'Antoine', 'Martin', 'Monsieur', '10 Rue de la Liberté', '', '0601234567', 'antoinemartin@sfr.fr', '1980-05-12', NULL, NULL, 37, 6),
(524, 'Charlotte', 'Dubois', 'Madame', '20 Avenue des Fleurs', '', '0612345678', 'charlottedubois@orange.fr', '1979-07-22', NULL, NULL, 52, 1),
(525, 'Lucas', 'Lefevre', 'Monsieur', '30 Boulevard Saint-André', '', '0623456789', 'lucaslefevre@yahoo.com', '1982-03-15', NULL, NULL, 54, 3),
(526, 'Thomas', 'Garnier', 'Monsieur', '40 Avenue du Château', '', '0634567890', 'thomasgarnier@free.fr', '1984-09-10', NULL, NULL, 24, 6),
(527, 'Emma', 'Petit', 'Madame', '50 Rue de la Paix', '', '0645678901', 'emmapetit@sfr.fr', '1978-11-05', NULL, NULL, 17, 6),
(528, 'Hugo', 'Robert', 'Monsieur', '60 Avenue Victor Hugo', '', '0656789012', 'hugorobert@yahoo.com', '1981-06-18', NULL, NULL, 46, 2),
(529, 'Inès', 'Moreau', 'Madame', '70 Rue du Commerce', '', '0667890123', 'inesmoreau@orange.fr', '1976-04-30', NULL, NULL, 6, 7),
(530, 'Louis', 'Leroy', 'Monsieur', '80 Boulevard des Lilas', '', '0678901234', 'louisleroy@sfr.fr', '1983-08-25', NULL, NULL, 47, 2),
(531, 'Jade', 'Bouchard', 'Madame', '90 Avenue de la République', '', '0689012345', 'jadebouchard@free.fr', '1977-12-14', NULL, NULL, 45, 10),
(532, 'Léa', 'Muller', 'Madame', '1 Chemin des Alpes', '', '0612345678', 'leamuller@sfr.fr', '1980-05-12', NULL, NULL, 71, 10),
(533, 'Noah', 'Zimmermann', 'Monsieur', '2 Rue du Mont-Blanc', '', '0623456789', 'noahzimmermann@orange.fr', '1979-07-22', 7, NULL, 74, 4),
(534, 'Emma', 'Schneider', 'Madame', '3 Avenue des Neiges', '', '0634567890', 'emmaschneider@yahoo.com', '1982-03-15', NULL, NULL, 45, 4),
(535, 'Liam', 'Bucher', 'Monsieur', '4 Chemin du Lac', '', '0645678901', 'liambucher@sfr.fr', '1984-09-10', NULL, NULL, 73, 8),
(536, 'Chloé', 'Meier', 'Madame', '5 Rue des Cimes', '', '0656789012', 'chloemeier@free.fr', '1978-11-05', NULL, NULL, 15, 5),
(537, 'Ethan', 'Schmid', 'Monsieur', '6 Avenue de la Glacier', '', '0667890123', 'ethanschmid@sfr.fr', '1981-06-18', NULL, NULL, 83, 7),
(538, 'Luna', 'Keller', 'Madame', '7 Route des Sommets', '', '0678901234', 'lunakeller@orange.fr', '1976-04-30', NULL, NULL, 9, 4),
(539, 'Théo', 'Roth', 'Monsieur', '8 Chemin du Glacier', '', '0689012345', 'theoroth@sfr.fr', '1983-08-25', NULL, NULL, 54, 7),
(540, 'Zoé', 'Wyss', 'Madame', '9 Rue des Montagnes', '', '0690123456', 'zoewyss@free.fr', '1977-12-14', NULL, NULL, 12, 5),
(541, 'Léonie', 'Weber', 'Madame', '10 Rue de la Gare', '', '0642948431', 'leonieweber@sfr.fr', '1980-01-20', NULL, NULL, 41, 5),
(542, 'Maxime', 'Meyer', 'Monsieur', '20 Avenue des Fleurs', '', '0617862594', 'maximemeyer@free.fr', '1979-02-15', NULL, NULL, 65, 8),
(543, 'Lina', 'Schneider', 'Madame', '30 Chemin du Lac', '', '0636459872', 'linaschneider@yahoo.com', '1982-03-10', NULL, NULL, 46, 1),
(544, 'Hugo', 'Fischer', 'Monsieur', '40 Route des Montagnes', '', '0626453169', 'hugofischer@orange.fr', '1981-04-25', NULL, NULL, 15, 5),
(545, 'Mila', 'Wagner', 'Madame', '50 Rue de la Forêt', '', '0630246943', 'milawagner@sfr.fr', '1978-05-30', NULL, NULL, 8, 5),
(546, 'Elias', 'Schmidt', 'Monsieur', '60 Chemin des Rochers', '', '0694365291', 'eliasschmidt@sfr.fr', '1983-06-15', NULL, NULL, 59, 6),
(547, 'Zoé', 'Keller', 'Madame', '70 Avenue de la Rivière', '', '0696485310', 'zoekeller@free.fr', '1977-07-20', NULL, NULL, 10, 3),
(548, 'Louis', 'Lehmann', 'Monsieur', '80 Boulevard des Étoiles', '', '0676459123', 'louislehmann@sfr.fr', '1984-08-05', NULL, NULL, 59, 9),
(549, 'Léa', 'Brunner', 'Madame', '90 Place du Village', '', '0696485310', 'leabrunner@yahoo.com', '1976-09-10', 7, NULL, 51, 2),
(550, 'Léna', 'Müller', 'Madame', '10 Rue des Étoiles', '', '0698765432', 'lenamuller@sfr.fr', '1980-09-20', NULL, NULL, 69, 1),
(551, 'Noé', 'Zürcher', 'Monsieur', '11 Avenue de la Lune', '', '0687654321', 'noezurcher@yahoo.com', '1979-04-18', NULL, NULL, 41, 8),
(552, 'Eva', 'Schwartz', 'Madame', '12 Boulevard des Nuages', '', '0676543210', 'evaschwartz@orange.fr', '1982-12-05', NULL, NULL, 73, 4),
(553, 'Léo', 'Beck', 'Monsieur', '13 Chemin des Éclairs', '', '0665432109', 'leobeck@sfr.fr', '1984-06-22', NULL, NULL, 69, 9),
(554, 'Anaïs', 'Koch', 'Madame', '14 Route des Tempêtes', '', '0654321098', 'anaiskoch@free.fr', '1978-11-11', NULL, NULL, 43, 4),
(555, 'Liam', 'Roth', 'Monsieur', '15 Rue des Orages', '', '0643210987', 'liamroth@sfr.fr', '1981-08-02', NULL, NULL, 13, 8),
(556, 'Léa', 'Blum', 'Madame', '16 Allée des Foudres', '', '0632109876', 'leablum@free.fr', '1976-03-30', NULL, NULL, 40, 1),
(557, 'Théo', 'Meyer', 'Monsieur', '17 Chemin des Tornades', '', '0621098765', 'theomeyer@sfr.fr', '1983-10-15', NULL, NULL, 72, 3),
(558, 'Zoé', 'Schneider', 'Madame', '18 Avenue des Ouragans', '', '0610987654', 'zoeschneider@orange.fr', '1977-05-25', NULL, NULL, 31, 8),
(559, 'Hugo', 'Fischer', 'Monsieur', '19 Rue des Asters', '', '0698765432', 'hugofischer@sfr.fr', '1980-09-20', NULL, NULL, 79, 10),
(560, 'Mila', 'Weber', 'Madame', '20 Avenue de la Lune', '', '0687654321', 'milaweber@yahoo.com', '1979-04-18', NULL, NULL, 11, 1),
(561, 'Elias', 'Müller', 'Monsieur', '21 Boulevard des Nuages', '', '0676543210', 'eliasmuller@orange.fr', '1982-12-05', NULL, NULL, 14, 9),
(562, 'Emma', 'Schneider', 'Madame', '22 Chemin des Éclairs', '', '0665432109', 'emmaschneider@sfr.fr', '1984-06-22', NULL, NULL, 15, 3),
(563, 'Noah', 'Keller', 'Monsieur', '23 Route des Tempêtes', '', '0654321098', 'noahkeller@free.fr', '1978-11-11', NULL, NULL, 63, 5),
(564, 'Lina', 'Wagner', 'Madame', '24 Rue des Orages', '', '0643210987', 'linawagner@sfr.fr', '1981-08-02', NULL, NULL, 58, 7),
(565, 'Leonie', 'Beck', 'Madame', '25 Allée des Foudres', '', '0632109876', 'leoniebeck@free.fr', '1976-03-30', NULL, NULL, 12, 2),
(566, 'Liam', 'Meyer', 'Monsieur', '26 Chemin des Tornades', '', '0621098765', 'liammeyer@sfr.fr', '1983-10-15', NULL, NULL, 25, 3),
(567, 'Elena', 'Brunner', 'Madame', '27 Avenue des Ouragans', '', '0610987654', 'elenabrunner@orange.fr', '1977-05-25', NULL, NULL, 3, 1),
(568, 'Lukas', 'Müller', 'Monsieur', '28 Rue de la Cascade', '', '0609876543', 'lukasmuller@yahoo.com', '1985-09-08', NULL, NULL, 17, 2),
(569, 'Nina', 'Zimmermann', 'Madame', '29 Avenue des Étoiles', '', '0601098765', 'ninazimmermann@sfr.fr', '1986-11-17', NULL, NULL, 9, 9),
(570, 'Lea', 'Keller', 'Madame', '30 Boulevard des Fougères', '', '0612345678', 'leakeller@orange.fr', '1987-03-28', NULL, NULL, 73, 6),
(571, 'David', 'Huber', 'Monsieur', '31 Chemin des Rochers', '', '0623456789', 'davidhuber@sfr.fr', '1988-05-19', NULL, NULL, 10, 6),
(572, 'Sophie', 'Wagner', 'Madame', '32 Rue des Cascades', '', '0634567890', 'sophiewagner@free.fr', '1989-07-09', NULL, NULL, 73, 2),
(573, 'Tim', 'Fischer', 'Monsieur', '33 Avenue des Chênes', '', '0645678901', 'timfischer@sfr.fr', '1990-09-30', NULL, NULL, 74, 2),
(574, 'Laura', 'Brunner', 'Madame', '34 Boulevard des Pins', '', '0656789012', 'laurabrunner@orange.fr', '1991-11-20', NULL, NULL, 40, 2),
(575, 'Kevin', 'Zbinden', 'Monsieur', '35 Chemin des Bois', '', '0667890123', 'kevinzbinden@sfr.fr', '1992-01-10', NULL, NULL, 11, 6),
(576, 'Julia', 'Baumann', 'Madame', '36 Route des Montagnes', '', '0678901234', 'juliabaumann@free.fr', '1993-03-02', NULL, NULL, 81, 5),
(577, 'Giovanni', 'Ricci', 'Monsieur', '37 Via Roma', '', '0601234567', 'giovanniricci@yahoo.com', '1980-12-15', NULL, NULL, 26, 9),
(578, 'Giulia', 'Conti', 'Madame', '38 Viale delle Rose', '', '0612345678', 'giuliaconti@sfr.fr', '1981-02-25', NULL, NULL, 84, 5),
(579, 'Luca', 'Rossi', 'Monsieur', '39 Piazza Garibaldi', '', '0623456789', 'lucarossi@free.fr', '1982-04-10', 1, NULL, 13, 8),
(580, 'Francesca', 'Marini', 'Madame', '40 Corso Vittorio Emanuele', '', '0634567890', 'francescamarini@orange.fr', '1983-06-05', NULL, NULL, 50, 7),
(581, 'Marco', 'Ferrari', 'Monsieur', '41 Via Milano', '', '0645678901', 'marcoferrari@sfr.fr', '1984-08-20', NULL, NULL, 77, 2),
(582, 'Laura', 'Rizzo', 'Madame', '42 Corso Umberto I', '', '0656789012', 'laurarizzo@free.fr', '1985-10-15', 1, NULL, 17, 6),
(583, 'Matteo', 'Bruno', 'Monsieur', '43 Piazza della Repubblica', '', '0667890123', 'matteobruno@yahoo.com', '1986-12-30', NULL, NULL, 7, 9),
(584, 'Giorgia', 'Galli', 'Madame', '44 Via Dante', '', '0678901234', 'giorgiagalli@sfr.fr', '1987-02-12', NULL, NULL, 11, 9),
(585, 'Alessandro', 'Riva', 'Monsieur', '45 Piazza San Marco', '', '0689012345', 'alessandroriva@orange.fr', '1988-04-01', NULL, NULL, 52, 9),
(586, 'Francesco', 'Bianchi', 'Monsieur', '46 Via Garibaldi', '', '0601234567', 'francescobianchi@yahoo.com', '1992-05-15', NULL, NULL, 33, 5),
(587, 'Alessia', 'Romano', 'Madame', '47 Viale delle Rose', '', '0612345678', 'alessiaromano@sfr.fr', '1993-08-25', NULL, NULL, 9, 6),
(588, 'Luca', 'Martini', 'Monsieur', '48 Piazza Navona', '', '0623456789', 'lucamartini@free.fr', '1994-11-10', 2, NULL, 29, 2),
(589, 'Sofia', 'Caruso', 'Madame', '49 Corso Vittorio Emanuele', '', '0634567890', 'sofiacaruso@orange.fr', '1995-02-05', NULL, NULL, 82, 10),
(590, 'Lorenzo', 'Greco', 'Monsieur', '50 Via Roma', '', '0645678901', 'lorenzogreco@yahoo.com', '1996-04-20', NULL, NULL, 46, 10),
(591, 'Giada', 'Moretti', 'Madame', '51 Piazza San Marco', '', '0656789012', 'giadamoretti@sfr.fr', '1997-07-15', NULL, NULL, 50, 2),
(592, 'Mattia', 'Santoro', 'Monsieur', '52 Corso Umberto I', '', '0667890123', 'mattiasantoro@free.fr', '1998-10-30', NULL, NULL, 31, 1),
(593, 'Elena', 'Ferrara', 'Madame', '53 Via Dante', '', '0678901234', 'elenaferrara@orange.fr', '1999-12-12', NULL, NULL, 17, 6),
(594, 'Fabio', 'Barbieri', 'Monsieur', '54 Viale delle Magnolie', '', '0689012345', 'fabiobarbieri@yahoo.com', '1990-09-01', NULL, NULL, 61, 2),
(595, 'Giorgio', 'Rossi', 'Monsieur', '1 Via Garibaldi', '', '0601234567', 'giorgiorossi@yahoo.com', '1992-05-15', NULL, NULL, 40, 7),
(596, 'Elisa', 'Ferrari', 'Madame', '2 Viale delle Rose', '', '0612345678', 'elisaferrari@sfr.fr', '1993-08-25', NULL, NULL, 61, 4),
(597, 'Antonio', 'Bianchi', 'Monsieur', '3 Piazza Navona', '', '0623456789', 'antoniobianchi@free.fr', '1994-11-10', NULL, NULL, 63, 8),
(598, 'Laura', 'Ricci', 'Madame', '4 Corso Vittorio Emanuele', '', '0634567890', 'lauraricci@orange.fr', '1995-02-05', NULL, NULL, 59, 7),
(599, 'Luigi', 'Romano', 'Monsieur', '5 Via Roma', '', '0645678901', 'luigiromano@yahoo.com', '1996-04-20', NULL, NULL, 80, 2),
(600, 'Francesca', 'Marini', 'Madame', '6 Piazza San Marco', '', '0656789012', 'francescamarinisfr.fr', '1997-07-15', NULL, NULL, 59, 1),
(601, 'Marco', 'De Luca', 'Monsieur', '7 Corso Umberto I', '', '0667890123', 'marcodeluca@free.fr', '1998-10-30', NULL, NULL, 15, 3),
(602, 'Valentina', 'Conti', 'Madame', '8 Via Dante', '', '0678901234', 'valentinaconti@orange.fr', '1999-12-12', NULL, NULL, 79, 1),
(603, 'Giovanni', 'Barbieri', 'Monsieur', '9 Viale delle Magnolie', '', '0689012345', 'giovannibarbieri@yahoo.com', '1990-09-01', NULL, NULL, 62, 4),
(604, 'Lorenzo', 'Moretti', 'Monsieur', '10 Via Garibaldi', '', '0601234567', 'lorenzomoretti@yahoo.com', '1992-06-17', NULL, NULL, 56, 6),
(605, 'Alessia', 'Rinaldi', 'Madame', '11 Viale delle Rose', '', '0612345678', 'alessiarinaldi@sfr.fr', '1993-09-28', NULL, NULL, 33, 9),
(606, 'Matteo', 'Marini', 'Monsieur', '12 Piazza Navona', '', '0623456789', 'matteomarini@free.fr', '1994-11-03', NULL, NULL, 33, 2),
(607, 'Giulia', 'Ferrari', 'Madame', '13 Corso Vittorio Emanuele', '', '0634567890', 'giuliaferrari@orange.fr', '1995-03-14', NULL, NULL, 50, 4),
(608, 'Marco', 'Rizzo', 'Monsieur', '14 Via Roma', '', '0645678901', 'marcorizzo@yahoo.com', '1996-05-25', NULL, NULL, 32, 2),
(609, 'Alessandra', 'Conti', 'Madame', '15 Piazza San Marco', '', '0656789012', 'alessandraconti@free.fr', '1997-08-06', NULL, NULL, 26, 5),
(610, 'Luca', 'Bianchi', 'Monsieur', '16 Corso Umberto I', '', '0667890123', 'lucabianchi@orange.fr', '1998-09-17', 6, NULL, 15, 3),
(611, 'Sofia', 'Rossi', 'Madame', '17 Via Dante', '', '0678901234', 'sofiarossi@yahoo.com', '1999-11-28', NULL, NULL, 82, 8),
(612, 'Elena', 'De Luca', 'Madame', '18 Viale delle Magnolie', '', '0689012345', 'elenadeluca@sfr.fr', '1990-12-30', NULL, NULL, 61, 8),
(613, 'Jeroen', 'Bakker', 'Monsieur', '19 Keizersgracht', '', '0612345678', 'jeroenbakker@yahoo.com', '1980-04-15', NULL, NULL, 37, 5),
(614, 'Femke', 'Van Dijk', 'Madame', '20 Prinsengracht', '', '0623456789', 'femkevandijk@sfr.fr', '1981-07-20', 2, NULL, 81, 9),
(615, 'Pieter', 'De Jong', 'Monsieur', '21 Herengracht', '', '0634567890', 'pieterdejong@free.fr', '1982-10-05', NULL, NULL, 82, 10),
(616, 'Lotte', 'Visser', 'Madame', '22 Singel', '', '0645678901', 'lottevisser@orange.fr', '1983-12-10', 6, NULL, 29, 4),
(617, 'Jan', 'Bos', 'Monsieur', '23 Rozengracht', '', '0656789012', 'janbos@yahoo.com', '1984-02-25', NULL, NULL, 83, 10),
(618, 'Sanne', 'Kramer', 'Madame', '24 Prins Hendrikkade', '', '0667890123', 'sannekramer@sfr.fr', '1985-06-03', NULL, NULL, 83, 9),
(619, 'Bram', 'Molenaar', 'Monsieur', '25 Nieuwezijds Voorburgwal', '', '0678901234', 'brammolenaar@free.fr', '1986-09-18', NULL, NULL, 71, 1),
(620, 'Marit', 'Smit', 'Madame', '26 Damstraat', '', '0689012345', 'maritsmit@orange.fr', '1987-11-29', NULL, NULL, 51, 1);

-- --------------------------------------------------------

--
-- Structure de la table `region`
--

CREATE TABLE `region` (
  `id_region` int(11) NOT NULL,
  `id_state` int(11) NOT NULL,
  `name_region` varchar(150) NOT NULL
) ENGINE=InnoDB DEFAULT CHARSET=utf8mb4 COLLATE=utf8mb4_general_ci;

--
-- Déchargement des données de la table `region`
--

INSERT INTO `region` (`id_region`, `id_state`, `name_region`) VALUES
(1, 1, 'Île-de-France'),
(2, 1, 'Nouvelle-Aquitaine'),
(3, 1, 'Auvergne-Rhône-Alpes'),
(4, 2, 'Wallonie'),
(5, 2, 'Flandre'),
(6, 2, 'Bruxelles-Capitale'),
(7, 6, 'Bavière'),
(8, 6, 'Bade-Wurtemberg'),
(9, 6, 'Rhénanie-du-Nord-Westphalie'),
(10, 5, 'Luxembourg');

-- --------------------------------------------------------

--
-- Structure de la table `repertory`
--

CREATE TABLE `repertory` (
  `id_band` int(11) NOT NULL,
  `id_track` int(11) NOT NULL
) ENGINE=InnoDB DEFAULT CHARSET=utf8mb4 COLLATE=utf8mb4_general_ci;

--
-- Déchargement des données de la table `repertory`
--

INSERT INTO `repertory` (`id_band`, `id_track`) VALUES
(1, 133),
(1, 150),
(1, 186),
(1, 261),
(1, 412),
(1, 413),
(1, 512),
(1, 542),
(1, 589),
(1, 660),
(2, 163),
(2, 214),
(2, 258),
(2, 342),
(2, 442),
(2, 523),
(2, 696),
(2, 745),
(2, 771),
(2, 829),
(3, 30),
(3, 48),
(3, 67),
(3, 85),
(3, 209),
(3, 233),
(3, 238),
(3, 356),
(3, 377),
(3, 779),
(4, 29),
(4, 126),
(4, 161),
(4, 206),
(4, 295),
(4, 406),
(4, 479),
(4, 602),
(4, 619),
(4, 810),
(5, 35),
(5, 173),
(5, 374),
(5, 399),
(5, 486),
(5, 604),
(5, 608),
(5, 611),
(5, 631),
(5, 820),
(6, 45),
(6, 84),
(6, 110),
(6, 183),
(6, 235),
(6, 269),
(6, 422),
(6, 427),
(6, 475),
(6, 766),
(7, 113),
(7, 137),
(7, 330),
(7, 402),
(7, 515),
(7, 587),
(7, 593),
(7, 748),
(7, 759),
(7, 761),
(8, 193),
(8, 242),
(8, 323),
(8, 344),
(8, 400),
(8, 449),
(8, 457),
(8, 557),
(8, 726),
(8, 740),
(9, 131),
(9, 155),
(9, 224),
(9, 234),
(9, 308),
(9, 340),
(9, 364),
(9, 403),
(9, 514),
(9, 703),
(10, 64),
(10, 144),
(10, 246),
(10, 253),
(10, 311),
(10, 360),
(10, 456),
(10, 578),
(10, 739),
(10, 782),
(11, 182),
(11, 225),
(11, 254),
(11, 337),
(11, 424),
(11, 533),
(11, 538),
(11, 548),
(11, 701),
(11, 723),
(12, 32),
(12, 36),
(12, 136),
(12, 275),
(12, 517),
(12, 562),
(12, 598),
(12, 618),
(12, 643),
(12, 713),
(13, 8),
(13, 162),
(13, 244),
(13, 321),
(13, 361),
(13, 414),
(13, 481),
(13, 505),
(13, 777),
(13, 788),
(14, 111),
(14, 219),
(14, 286),
(14, 370),
(14, 393),
(14, 416),
(14, 466),
(14, 488),
(14, 526),
(14, 685),
(15, 52),
(15, 351),
(15, 437),
(15, 445),
(15, 473),
(15, 532),
(15, 704),
(15, 725),
(15, 751),
(15, 786),
(16, 87),
(16, 105),
(16, 165),
(16, 170),
(16, 260),
(16, 371),
(16, 453),
(16, 762),
(16, 795),
(16, 831),
(17, 23),
(17, 25),
(17, 250),
(17, 353),
(17, 365),
(17, 491),
(17, 547),
(17, 666),
(17, 688),
(17, 825),
(18, 24),
(18, 318),
(18, 362),
(18, 411),
(18, 433),
(18, 463),
(18, 516),
(18, 527),
(18, 545),
(18, 570),
(19, 12),
(19, 102),
(19, 118),
(19, 208),
(19, 252),
(19, 319),
(19, 559),
(19, 610),
(19, 681),
(19, 695),
(20, 53),
(20, 92),
(20, 122),
(20, 152),
(20, 382),
(20, 520),
(20, 676),
(20, 785),
(20, 789),
(20, 806),
(21, 172),
(21, 175),
(21, 458),
(21, 617),
(21, 632),
(21, 655),
(21, 750),
(21, 773),
(21, 794),
(21, 830),
(22, 46),
(22, 114),
(22, 226),
(22, 255),
(22, 376),
(22, 435),
(22, 510),
(22, 599),
(22, 691),
(22, 775),
(23, 63),
(23, 240),
(23, 358),
(23, 404),
(23, 498),
(23, 499),
(23, 503),
(23, 536),
(23, 583),
(23, 658),
(24, 5),
(24, 247),
(24, 297),
(24, 305),
(24, 343),
(24, 347),
(24, 352),
(24, 634),
(24, 640),
(24, 661),
(25, 55),
(25, 329),
(25, 392),
(25, 495),
(25, 535),
(25, 597),
(25, 600),
(25, 683),
(25, 728),
(25, 774),
(26, 95),
(26, 203),
(26, 239),
(26, 341),
(26, 391),
(26, 531),
(26, 606),
(26, 628),
(26, 667),
(26, 754),
(27, 14),
(27, 20),
(27, 109),
(27, 121),
(27, 179),
(27, 280),
(27, 369),
(27, 706),
(27, 710),
(27, 838),
(28, 26),
(28, 188),
(28, 220),
(28, 285),
(28, 324),
(28, 396),
(28, 564),
(28, 594),
(28, 702),
(28, 744),
(29, 73),
(29, 178),
(29, 484),
(29, 489),
(29, 555),
(29, 592),
(29, 621),
(29, 637),
(29, 801),
(29, 807),
(30, 215),
(30, 421),
(30, 471),
(30, 649),
(30, 668),
(30, 671),
(30, 693),
(30, 741),
(30, 755),
(30, 802),
(31, 38),
(31, 65),
(31, 82),
(31, 91),
(31, 177),
(31, 245),
(31, 284),
(31, 349),
(31, 432),
(31, 629),
(32, 47),
(32, 262),
(32, 339),
(32, 389),
(32, 543),
(32, 556),
(32, 646),
(32, 678),
(32, 763),
(32, 787),
(33, 19),
(33, 66),
(33, 123),
(33, 322),
(33, 333),
(33, 428),
(33, 633),
(33, 642),
(33, 753),
(33, 809),
(34, 7),
(34, 10),
(34, 296),
(34, 313),
(34, 462),
(34, 487),
(34, 525),
(34, 571),
(34, 663),
(34, 720),
(35, 54),
(35, 96),
(35, 134),
(35, 158),
(35, 164),
(35, 217),
(35, 315),
(35, 320),
(35, 584),
(35, 823),
(36, 128),
(36, 213),
(36, 307),
(36, 336),
(36, 423),
(36, 513),
(36, 654),
(36, 768),
(36, 811),
(36, 819),
(37, 16),
(37, 419),
(37, 469),
(37, 605),
(37, 653),
(37, 767),
(37, 769),
(37, 770),
(37, 799),
(37, 803),
(38, 43),
(38, 103),
(38, 145),
(38, 212),
(38, 264),
(38, 378),
(38, 417),
(38, 450),
(38, 732),
(38, 812),
(39, 176),
(39, 274),
(39, 537),
(39, 591),
(39, 623),
(39, 657),
(39, 675),
(39, 686),
(39, 772),
(39, 778),
(40, 236),
(40, 291),
(40, 363),
(40, 394),
(40, 398),
(40, 444),
(40, 582),
(40, 624),
(40, 641),
(40, 765),
(41, 22),
(41, 129),
(41, 328),
(41, 430),
(41, 454),
(41, 500),
(41, 544),
(41, 550),
(41, 576),
(41, 577),
(42, 142),
(42, 190),
(42, 294),
(42, 306),
(42, 468),
(42, 474),
(42, 614),
(42, 622),
(42, 669),
(42, 708),
(43, 60),
(43, 143),
(43, 276),
(43, 397),
(43, 429),
(43, 574),
(43, 581),
(43, 596),
(43, 687),
(43, 717),
(44, 120),
(44, 127),
(44, 197),
(44, 216),
(44, 266),
(44, 327),
(44, 446),
(44, 506),
(44, 580),
(44, 797),
(45, 88),
(45, 94),
(45, 426),
(45, 464),
(45, 493),
(45, 620),
(45, 626),
(45, 659),
(45, 731),
(45, 832),
(46, 78),
(46, 156),
(46, 189),
(46, 270),
(46, 390),
(46, 415),
(46, 573),
(46, 712),
(46, 714),
(46, 784),
(47, 100),
(47, 210),
(47, 281),
(47, 300),
(47, 460),
(47, 478),
(47, 494),
(47, 529),
(47, 551),
(47, 692),
(48, 2),
(48, 13),
(48, 287),
(48, 290),
(48, 301),
(48, 366),
(48, 367),
(48, 388),
(48, 508),
(48, 804),
(49, 62),
(49, 107),
(49, 140),
(49, 331),
(49, 359),
(49, 482),
(49, 522),
(49, 567),
(49, 635),
(49, 677),
(50, 9),
(50, 39),
(50, 75),
(50, 395),
(50, 459),
(50, 530),
(50, 554),
(50, 709),
(50, 781),
(50, 815),
(51, 11),
(51, 17),
(51, 79),
(51, 271),
(51, 410),
(51, 528),
(51, 673),
(51, 700),
(51, 757),
(51, 814),
(52, 185),
(52, 283),
(52, 455),
(52, 521),
(52, 588),
(52, 613),
(52, 615),
(52, 651),
(52, 705),
(52, 821),
(53, 4),
(53, 6),
(53, 149),
(53, 268),
(53, 561),
(53, 569),
(53, 724),
(53, 734),
(53, 764),
(53, 835),
(54, 51),
(54, 86),
(54, 303),
(54, 381),
(54, 418),
(54, 440),
(54, 490),
(54, 563),
(54, 698),
(54, 836),
(55, 77),
(55, 159),
(55, 312),
(55, 334),
(55, 355),
(55, 386),
(55, 509),
(55, 560),
(55, 664),
(55, 808),
(56, 50),
(56, 57),
(56, 116),
(56, 157),
(56, 201),
(56, 357),
(56, 507),
(56, 644),
(56, 645),
(56, 798),
(57, 97),
(57, 257),
(57, 373),
(57, 465),
(57, 472),
(57, 497),
(57, 546),
(57, 553),
(57, 652),
(57, 672),
(58, 41),
(58, 56),
(58, 70),
(58, 130),
(58, 231),
(58, 476),
(58, 496),
(58, 694),
(58, 737),
(58, 783),
(59, 99),
(59, 148),
(59, 169),
(59, 196),
(59, 346),
(59, 379),
(59, 441),
(59, 549),
(59, 612),
(59, 749),
(60, 21),
(60, 108),
(60, 115),
(60, 229),
(60, 230),
(60, 263),
(60, 380),
(60, 524),
(60, 715),
(60, 776),
(61, 27),
(61, 81),
(61, 166),
(61, 167),
(61, 227),
(61, 265),
(61, 401),
(61, 431),
(61, 690),
(61, 716),
(62, 117),
(62, 237),
(62, 277),
(62, 292),
(62, 375),
(62, 407),
(62, 434),
(62, 448),
(62, 609),
(62, 758),
(63, 31),
(63, 259),
(63, 298),
(63, 447),
(63, 470),
(63, 572),
(63, 718),
(63, 721),
(63, 818),
(63, 826),
(64, 80),
(64, 232),
(64, 299),
(64, 317),
(64, 372),
(64, 385),
(64, 627),
(64, 630),
(64, 756),
(64, 800),
(65, 83),
(65, 119),
(65, 132),
(65, 146),
(65, 184),
(65, 289),
(65, 408),
(65, 501),
(65, 638),
(65, 680),
(66, 72),
(66, 104),
(66, 112),
(66, 198),
(66, 199),
(66, 200),
(66, 332),
(66, 384),
(66, 616),
(66, 682),
(67, 59),
(67, 76),
(67, 90),
(67, 279),
(67, 345),
(67, 438),
(67, 492),
(67, 519),
(67, 707),
(67, 796),
(68, 138),
(68, 191),
(68, 194),
(68, 293),
(68, 383),
(68, 451),
(68, 518),
(68, 711),
(68, 730),
(68, 824),
(69, 34),
(69, 74),
(69, 223),
(69, 243),
(69, 534),
(69, 585),
(69, 650),
(69, 684),
(69, 689),
(69, 742),
(70, 33),
(70, 147),
(70, 171),
(70, 325),
(70, 387),
(70, 405),
(70, 568),
(70, 647),
(70, 792),
(70, 833),
(71, 1),
(71, 221),
(71, 272),
(71, 350),
(71, 420),
(71, 540),
(71, 586),
(71, 735),
(71, 746),
(71, 837),
(72, 58),
(72, 125),
(72, 181),
(72, 267),
(72, 288),
(72, 335),
(72, 338),
(72, 502),
(72, 552),
(72, 603),
(73, 69),
(73, 98),
(73, 135),
(73, 174),
(73, 218),
(73, 302),
(73, 409),
(73, 483),
(73, 607),
(73, 656),
(74, 3),
(74, 228),
(74, 354),
(74, 485),
(74, 648),
(74, 674),
(74, 697),
(74, 719),
(74, 747),
(74, 760),
(75, 49),
(75, 68),
(75, 160),
(75, 204),
(75, 211),
(75, 304),
(75, 368),
(75, 425),
(75, 722),
(75, 817),
(76, 15),
(76, 40),
(76, 101),
(76, 106),
(76, 192),
(76, 590),
(76, 665),
(76, 752),
(76, 790),
(76, 816),
(77, 44),
(77, 153),
(77, 273),
(77, 461),
(77, 539),
(77, 625),
(77, 639),
(77, 662),
(77, 679),
(77, 738),
(78, 151),
(78, 180),
(78, 222),
(78, 316),
(78, 467),
(78, 566),
(78, 575),
(78, 601),
(78, 670),
(78, 840),
(79, 168),
(79, 241),
(79, 314),
(79, 443),
(79, 504),
(79, 736),
(79, 743),
(79, 780),
(79, 813),
(79, 822),
(80, 18),
(80, 124),
(80, 256),
(80, 436),
(80, 480),
(80, 636),
(80, 733),
(80, 828),
(80, 834),
(80, 839),
(81, 37),
(81, 89),
(81, 139),
(81, 141),
(81, 154),
(81, 205),
(81, 251),
(81, 326),
(81, 541),
(81, 595),
(82, 28),
(82, 61),
(82, 195),
(82, 278),
(82, 348),
(82, 439),
(82, 565),
(82, 579),
(82, 791),
(82, 793),
(83, 71),
(83, 187),
(83, 202),
(83, 207),
(83, 249),
(83, 282),
(83, 477),
(83, 511),
(83, 558),
(83, 699),
(84, 42),
(84, 93),
(84, 248),
(84, 309),
(84, 310),
(84, 452),
(84, 727),
(84, 729),
(84, 805),
(84, 827);

-- --------------------------------------------------------

--
-- Structure de la table `responsability_person`
--

CREATE TABLE `responsability_person` (
  `id_responsability_person` int(11) NOT NULL,
  `name_responsability_person` varchar(150) NOT NULL
) ENGINE=InnoDB DEFAULT CHARSET=utf8mb4 COLLATE=utf8mb4_general_ci;

--
-- Déchargement des données de la table `responsability_person`
--

INSERT INTO `responsability_person` (`id_responsability_person`, `name_responsability_person`) VALUES
(1, 'Trésorier'),
(2, 'Dirigeant'),
(3, 'Chauffeur'),
(4, 'Habilleur'),
(5, 'Agent de communication'),
(6, 'Responsable technique'),
(7, 'Chef de projet'),
(8, 'Community manager'),
(9, 'Coordinateur logistique'),
(10, 'Responsable des répétitions');

-- --------------------------------------------------------

--
-- Structure de la table `setlist`
--

CREATE TABLE `setlist` (
  `id_track` int(11) NOT NULL,
  `id_perf` int(11) NOT NULL
) ENGINE=InnoDB DEFAULT CHARSET=utf8mb4 COLLATE=utf8mb4_general_ci;

--
-- Déchargement des données de la table `setlist`
--

INSERT INTO `setlist` (`id_track`, `id_perf`) VALUES
(1, 36),
(2, 7),
(3, 68),
(4, 47),
(5, 83),
(8, 53),
(9, 18),
(11, 11),
(12, 75),
(13, 7),
(14, 15),
(15, 39),
(17, 11),
(18, 22),
(19, 74),
(20, 15),
(21, 10),
(22, 66),
(23, 32),
(24, 29),
(26, 71),
(27, 52),
(28, 12),
(30, 43),
(31, 21),
(32, 31),
(33, 51),
(34, 38),
(35, 41),
(36, 31),
(37, 77),
(38, 44),
(39, 18),
(40, 39),
(43, 13),
(44, 48),
(45, 72),
(46, 69),
(47, 54),
(48, 43),
(50, 34),
(51, 50),
(52, 26),
(53, 2),
(55, 25),
(56, 63),
(57, 34),
(58, 5),
(59, 8),
(60, 40),
(61, 12),
(62, 61),
(63, 57),
(64, 73),
(65, 44),
(66, 74),
(67, 43),
(68, 45),
(69, 37),
(70, 63),
(71, 67),
(72, 80),
(73, 70),
(74, 38),
(77, 6),
(81, 52),
(83, 9),
(84, 72),
(85, 43),
(87, 76),
(88, 19),
(89, 77),
(90, 8),
(91, 44),
(93, 35),
(94, 19),
(95, 14),
(96, 56),
(97, 24),
(98, 37),
(99, 20),
(100, 49),
(101, 39),
(103, 13),
(104, 80),
(105, 76),
(107, 61),
(108, 10),
(109, 15),
(110, 72),
(111, 28),
(112, 80),
(113, 60),
(114, 69),
(116, 34),
(117, 64),
(118, 75),
(119, 9),
(120, 33),
(121, 15),
(122, 2),
(124, 22),
(125, 5),
(126, 1),
(127, 33),
(128, 81),
(130, 63),
(131, 16),
(132, 9),
(133, 59),
(134, 56),
(136, 31),
(137, 60),
(138, 17),
(139, 77),
(141, 77),
(142, 46),
(144, 73),
(145, 13),
(146, 9),
(147, 51),
(148, 20),
(150, 59),
(151, 65),
(152, 2),
(153, 48),
(154, 77),
(155, 16),
(156, 23),
(157, 34),
(158, 56),
(159, 6),
(160, 45),
(161, 1),
(163, 3),
(164, 56),
(165, 76),
(166, 52),
(167, 52),
(168, 62),
(169, 20),
(170, 76),
(171, 51),
(172, 42),
(173, 41),
(174, 37),
(175, 42),
(176, 58),
(177, 44),
(179, 15),
(180, 65),
(182, 27),
(183, 72),
(185, 79),
(186, 59),
(187, 67),
(188, 71),
(189, 23),
(190, 46),
(191, 17),
(193, 55),
(194, 17),
(195, 12),
(197, 33),
(198, 80),
(199, 80),
(200, 80),
(201, 34),
(202, 67),
(203, 14),
(205, 77),
(207, 67),
(208, 75),
(209, 43),
(210, 49),
(212, 13),
(213, 81),
(214, 3),
(216, 33),
(217, 56),
(218, 37),
(219, 28),
(221, 36),
(222, 65),
(223, 38),
(224, 16),
(225, 27),
(226, 69),
(228, 68),
(229, 10),
(230, 10),
(232, 78),
(233, 43),
(234, 16),
(236, 82),
(237, 64),
(238, 43),
(240, 57),
(241, 62),
(243, 38),
(244, 53),
(245, 44),
(246, 73),
(247, 83),
(248, 35),
(249, 67),
(250, 32),
(251, 77),
(253, 73),
(254, 27),
(257, 24),
(258, 3),
(259, 21),
(260, 76),
(261, 59),
(262, 54),
(263, 10),
(264, 13),
(265, 52),
(266, 33),
(267, 5),
(268, 47),
(269, 72),
(270, 23),
(271, 11),
(273, 48),
(276, 40),
(278, 12),
(280, 15),
(283, 79),
(284, 44),
(286, 28),
(287, 7),
(288, 5),
(289, 9),
(290, 7),
(291, 82),
(292, 64),
(293, 17),
(294, 46),
(296, 4),
(298, 21),
(299, 78),
(301, 7),
(302, 37),
(303, 50),
(305, 83),
(306, 46),
(307, 81),
(308, 16),
(309, 35),
(311, 73),
(312, 6),
(313, 4),
(314, 62),
(315, 56),
(316, 65),
(317, 78),
(318, 29),
(319, 75),
(320, 56),
(321, 53),
(322, 74),
(323, 55),
(324, 71),
(325, 51),
(328, 66),
(329, 25),
(330, 60),
(331, 61),
(332, 80),
(333, 74),
(334, 6),
(335, 5),
(336, 81),
(338, 5),
(339, 54),
(340, 16),
(341, 14),
(342, 3),
(343, 83),
(344, 55),
(345, 8),
(346, 20),
(347, 83),
(349, 44),
(350, 36),
(351, 26),
(352, 83),
(353, 32),
(354, 68),
(355, 6),
(356, 43),
(357, 34),
(358, 57),
(359, 61),
(360, 73),
(361, 53),
(362, 29),
(363, 82),
(364, 16),
(365, 32),
(366, 7),
(367, 7),
(368, 45),
(369, 15),
(370, 28),
(371, 76),
(372, 78),
(373, 24),
(374, 41),
(375, 64),
(376, 69),
(378, 13),
(379, 20),
(380, 10),
(381, 50),
(384, 80),
(385, 78),
(386, 6),
(387, 51),
(389, 54),
(390, 23),
(391, 14),
(392, 25),
(393, 28),
(394, 82),
(395, 18),
(397, 40),
(398, 82),
(399, 41),
(400, 55),
(401, 52),
(402, 60),
(403, 16),
(404, 57),
(406, 1),
(408, 9),
(409, 37),
(410, 11),
(411, 29),
(412, 59),
(413, 59),
(414, 53),
(415, 23),
(416, 28),
(418, 50),
(419, 84),
(420, 36),
(421, 30),
(422, 72),
(423, 81),
(424, 27),
(425, 45),
(426, 19),
(427, 72),
(428, 74),
(430, 66),
(432, 44),
(433, 29),
(434, 64),
(435, 69),
(436, 22),
(437, 26),
(438, 8),
(439, 12),
(440, 50),
(441, 20),
(442, 3),
(443, 62),
(445, 26),
(446, 33),
(447, 21),
(448, 64),
(449, 55),
(450, 13),
(451, 17),
(452, 35),
(453, 76),
(454, 66),
(455, 79),
(456, 73),
(458, 42),
(459, 18),
(460, 49),
(461, 48),
(462, 4),
(463, 29),
(464, 19),
(466, 28),
(468, 46),
(469, 84),
(470, 21),
(471, 30),
(473, 26),
(475, 72),
(476, 63),
(477, 67),
(478, 49),
(479, 1),
(481, 53),
(482, 61),
(484, 70),
(485, 68),
(486, 41),
(487, 4),
(488, 28),
(489, 70),
(490, 50),
(491, 32),
(493, 19),
(494, 49),
(495, 25),
(497, 24),
(498, 57),
(499, 57),
(500, 66),
(501, 9),
(503, 57),
(504, 62),
(506, 33),
(507, 34),
(508, 7),
(509, 6),
(510, 69),
(511, 67),
(512, 59),
(513, 81),
(514, 16),
(515, 60),
(516, 29),
(517, 31),
(518, 17),
(519, 8),
(520, 2),
(523, 3),
(524, 10),
(526, 28),
(528, 11),
(529, 49),
(530, 18),
(532, 26),
(533, 27),
(534, 38),
(536, 57),
(538, 27),
(539, 48),
(541, 77),
(542, 59),
(543, 54),
(544, 66),
(545, 29),
(546, 24),
(547, 32),
(548, 27),
(549, 20),
(552, 5),
(553, 24),
(554, 18),
(555, 70),
(556, 54),
(557, 55),
(558, 67),
(559, 75),
(560, 6),
(561, 47),
(562, 31),
(563, 50),
(564, 71),
(565, 12),
(566, 65),
(567, 61),
(568, 51),
(569, 47),
(570, 29),
(571, 4),
(573, 23),
(574, 40),
(576, 66),
(577, 66),
(578, 73),
(579, 12),
(580, 33),
(581, 40),
(582, 82),
(583, 57),
(584, 56),
(588, 79),
(589, 59),
(590, 39),
(591, 58),
(592, 70),
(594, 71),
(595, 77),
(598, 31),
(599, 69),
(600, 25),
(601, 65),
(602, 1),
(603, 5),
(604, 41),
(605, 84),
(606, 14),
(607, 37),
(608, 41),
(610, 75),
(611, 41),
(612, 20),
(613, 79),
(614, 46),
(615, 79),
(616, 80),
(617, 42),
(618, 31),
(619, 1),
(620, 19),
(621, 70),
(622, 46),
(624, 82),
(625, 48),
(626, 19),
(628, 14),
(629, 44),
(631, 41),
(632, 42),
(633, 74),
(634, 83),
(635, 61),
(638, 9),
(639, 48),
(640, 83),
(641, 82),
(642, 74),
(643, 31),
(644, 34),
(645, 34),
(646, 54),
(647, 51),
(650, 38),
(651, 79),
(652, 24),
(654, 81),
(655, 42),
(656, 37),
(657, 58),
(658, 57),
(659, 19),
(661, 83),
(662, 48),
(663, 4),
(665, 39),
(666, 32),
(667, 14),
(668, 30),
(669, 46),
(671, 30),
(675, 58),
(676, 2),
(677, 61),
(678, 54),
(679, 48),
(680, 9),
(681, 75),
(682, 80),
(683, 25),
(684, 38),
(685, 28),
(688, 32),
(691, 69),
(692, 49),
(694, 63),
(695, 75),
(696, 3),
(697, 68),
(698, 50),
(700, 11),
(702, 71),
(703, 16),
(705, 79),
(706, 15),
(707, 8),
(709, 18),
(710, 15),
(711, 17),
(712, 23),
(713, 31),
(716, 52),
(719, 68),
(720, 4),
(721, 21),
(722, 45),
(723, 27),
(726, 55),
(727, 35),
(728, 25),
(729, 35),
(730, 17),
(731, 19),
(732, 13),
(733, 22),
(734, 47),
(735, 36),
(737, 63),
(738, 48),
(739, 73),
(741, 30),
(743, 62),
(744, 71),
(745, 3),
(746, 36),
(747, 68),
(748, 60),
(749, 20),
(750, 42),
(751, 26),
(752, 39),
(753, 74),
(754, 14),
(755, 30),
(756, 78),
(758, 64),
(759, 60),
(760, 68),
(761, 60),
(762, 76),
(763, 54),
(764, 47),
(765, 82),
(766, 72),
(767, 84),
(768, 81),
(769, 84),
(770, 84),
(771, 3),
(772, 58),
(773, 42),
(774, 25),
(776, 10),
(777, 53),
(778, 58),
(780, 62),
(783, 63),
(784, 23),
(785, 2),
(787, 54),
(788, 53),
(790, 39),
(794, 42),
(795, 76),
(796, 8),
(797, 33),
(798, 34),
(799, 84),
(800, 78),
(801, 70),
(802, 30),
(803, 84),
(804, 7),
(805, 35),
(806, 2),
(807, 70),
(808, 6),
(810, 1),
(811, 81),
(812, 13),
(813, 62),
(814, 11),
(815, 18),
(816, 39),
(817, 45),
(818, 21),
(819, 81),
(820, 41),
(821, 79),
(822, 62),
(823, 56),
(824, 17),
(826, 21),
(827, 35),
(828, 22),
(829, 3),
(832, 19),
(834, 22),
(837, 36),
(839, 22),
(840, 65);

-- --------------------------------------------------------

--
-- Structure de la table `specialisation`
--

CREATE TABLE `specialisation` (
  `id_specialisation` int(11) NOT NULL,
  `id_spec` int(11) NOT NULL,
  `id_person` int(11) NOT NULL
) ENGINE=InnoDB DEFAULT CHARSET=utf8mb4 COLLATE=utf8mb4_general_ci;

--
-- Déchargement des données de la table `specialisation`
--

INSERT INTO `specialisation` (`id_specialisation`, `id_spec`, `id_person`) VALUES
(1, 2, 279),
(2, 2, 201),
(3, 3, 257),
(4, 2, 197),
(5, 3, 440),
(6, 10, 540),
(7, 10, 534),
(8, 1, 322),
(9, 1, 185),
(10, 3, 291),
(11, 3, 157),
(12, 1, 358),
(13, 9, 4),
(14, 1, 337),
(15, 3, 246),
(16, 8, 579),
(17, 2, 230),
(18, 1, 351),
(19, 1, 187),
(20, 2, 91),
(21, 7, 583),
(22, 2, 95),
(23, 4, 243),
(24, 2, 96),
(25, 2, 195),
(26, 10, 167),
(27, 2, 53),
(28, 3, 443),
(29, 3, 342),
(30, 2, 228),
(31, 10, 548),
(32, 1, 4),
(33, 2, 255),
(34, 1, 353),
(35, 2, 187),
(36, 3, 500),
(37, 2, 140),
(38, 9, 7),
(39, 3, 226),
(40, 4, 173),
(41, 1, 193),
(42, 2, 225),
(43, 1, 158),
(44, 10, 154),
(45, 2, 224),
(46, 1, 354),
(47, 1, 50),
(48, 3, 447),
(49, 1, 10),
(50, 1, 26),
(51, 3, 230),
(52, 3, 321),
(53, 8, 573),
(54, 2, 221),
(55, 3, 223),
(56, 4, 250),
(57, 2, 257),
(58, 3, 285),
(59, 3, 499),
(60, 1, 315),
(61, 1, 363),
(62, 3, 200),
(63, 5, 597),
(64, 3, 225),
(65, 1, 212),
(66, 2, 109),
(67, 3, 176),
(68, 5, 591),
(69, 3, 397),
(70, 3, 369),
(71, 3, 437),
(72, 4, 205),
(73, 9, 5),
(74, 1, 343),
(75, 4, 238),
(76, 4, 570),
(77, 3, 297),
(78, 3, 318),
(79, 3, 260),
(80, 2, 285),
(81, 3, 483),
(82, 2, 213),
(83, 7, 582),
(84, 3, 215),
(85, 3, 492),
(86, 3, 348),
(87, 1, 318),
(88, 10, 513),
(89, 10, 539),
(90, 1, 279),
(91, 4, 554),
(92, 2, 105),
(93, 10, 523),
(94, 3, 353),
(95, 1, 312),
(96, 3, 475),
(97, 4, 558),
(98, 3, 498),
(99, 3, 486),
(100, 1, 21),
(101, 3, 421),
(102, 1, 160),
(103, 7, 272),
(104, 2, 168),
(105, 3, 365),
(106, 3, 211),
(107, 1, 257),
(108, 10, 161),
(109, 3, 248),
(110, 9, 614),
(111, 4, 200),
(112, 1, 195),
(113, 1, 205),
(114, 3, 479),
(115, 2, 144),
(116, 2, 131),
(117, 3, 217),
(118, 3, 214),
(119, 3, 371),
(120, 2, 86),
(121, 2, 274),
(122, 2, 299),
(123, 2, 196),
(124, 4, 223),
(125, 2, 206),
(126, 3, 305),
(127, 2, 273),
(128, 3, 151),
(129, 2, 286),
(130, 1, 377),
(131, 1, 45),
(132, 2, 156),
(133, 7, 255),
(134, 3, 343),
(135, 8, 580),
(136, 1, 213),
(137, 3, 269),
(138, 1, 184),
(139, 3, 311),
(140, 3, 487),
(141, 3, 218),
(142, 10, 528),
(143, 3, 298),
(144, 2, 153),
(145, 1, 400),
(146, 3, 404),
(147, 3, 451),
(148, 2, 207),
(149, 3, 401),
(150, 2, 67),
(151, 3, 304),
(152, 4, 566),
(153, 3, 420),
(154, 9, 617),
(155, 4, 228),
(156, 1, 397),
(157, 2, 178),
(158, 2, 237),
(159, 2, 155),
(160, 1, 159),
(161, 3, 202),
(162, 3, 224),
(163, 1, 49),
(164, 10, 529),
(165, 9, 18),
(166, 3, 324),
(167, 1, 9),
(168, 3, 340),
(169, 3, 168),
(170, 3, 290),
(171, 2, 218),
(172, 1, 268),
(173, 2, 293),
(174, 9, 11),
(175, 3, 478),
(176, 3, 497),
(177, 1, 219),
(178, 1, 201),
(179, 2, 251),
(180, 3, 491),
(181, 4, 230),
(182, 3, 180),
(183, 1, 275),
(184, 4, 177),
(185, 1, 310),
(186, 10, 541),
(187, 2, 219),
(188, 4, 192),
(189, 3, 372),
(190, 1, 320),
(191, 2, 239),
(192, 2, 158),
(193, 10, 512),
(194, 3, 335),
(195, 1, 38),
(196, 3, 356),
(197, 1, 194),
(198, 3, 319),
(199, 7, 586),
(200, 4, 226),
(201, 7, 282),
(202, 3, 488),
(203, 1, 237),
(204, 1, 321),
(205, 3, 300),
(206, 9, 615),
(207, 3, 349),
(208, 2, 154),
(209, 1, 317),
(210, 1, 240),
(211, 1, 373),
(212, 9, 611),
(213, 7, 262),
(214, 5, 598),
(215, 3, 264),
(216, 3, 428),
(217, 3, 417),
(218, 3, 190),
(219, 3, 389),
(220, 2, 264),
(221, 2, 150),
(222, 2, 116),
(223, 7, 258),
(224, 3, 461),
(225, 3, 274),
(226, 2, 58),
(227, 2, 87),
(228, 8, 578),
(229, 1, 313),
(230, 2, 90),
(231, 4, 185),
(232, 1, 370),
(233, 2, 175),
(234, 1, 172),
(235, 1, 170),
(236, 4, 240),
(237, 2, 104),
(238, 3, 347),
(239, 10, 514),
(240, 3, 165),
(241, 2, 55),
(242, 1, 265),
(243, 1, 269),
(244, 1, 341),
(245, 3, 352),
(246, 1, 285),
(247, 3, 432),
(248, 2, 244),
(249, 2, 276),
(250, 1, 383),
(251, 3, 442),
(252, 2, 189),
(253, 7, 277),
(254, 3, 159),
(255, 3, 434),
(256, 3, 457),
(257, 3, 194),
(258, 3, 275),
(259, 2, 134),
(260, 2, 298),
(261, 3, 242),
(262, 2, 172),
(263, 1, 294),
(264, 7, 297),
(265, 1, 292),
(266, 1, 14),
(267, 3, 334),
(268, 10, 502),
(269, 1, 393),
(270, 10, 510),
(271, 2, 287),
(272, 9, 616),
(273, 3, 210),
(274, 1, 271),
(275, 3, 185),
(276, 4, 220),
(277, 3, 161),
(278, 1, 396),
(279, 1, 203),
(280, 6, 604),
(281, 3, 255),
(282, 3, 351),
(283, 1, 352),
(284, 1, 177),
(285, 3, 289),
(286, 3, 179),
(287, 1, 277),
(288, 2, 165),
(289, 3, 154),
(290, 3, 178),
(291, 3, 450),
(292, 1, 262),
(293, 3, 462),
(294, 3, 390),
(295, 1, 334),
(296, 2, 220),
(297, 10, 550),
(298, 10, 163),
(299, 3, 245),
(300, 1, 171),
(301, 10, 156),
(302, 1, 350),
(303, 4, 210),
(304, 1, 247),
(305, 3, 412),
(306, 4, 209),
(307, 3, 446),
(308, 3, 463),
(309, 3, 315),
(310, 3, 419),
(311, 1, 207),
(312, 2, 113),
(313, 4, 216),
(314, 3, 279),
(315, 3, 472),
(316, 10, 544),
(317, 3, 306),
(318, 1, 379),
(319, 3, 278),
(320, 3, 216),
(321, 1, 221),
(322, 1, 161),
(323, 1, 348),
(324, 4, 194),
(325, 7, 298),
(326, 3, 158),
(327, 3, 201),
(328, 1, 32),
(329, 3, 494),
(330, 1, 398),
(331, 4, 563),
(332, 3, 219),
(333, 3, 381),
(334, 10, 532),
(335, 3, 493),
(336, 1, 386),
(337, 2, 243),
(338, 10, 535),
(339, 3, 360),
(340, 1, 231),
(341, 2, 110),
(342, 1, 40),
(343, 1, 307),
(344, 2, 171),
(345, 8, 593),
(346, 1, 18),
(347, 7, 265),
(348, 1, 305),
(349, 6, 608),
(350, 2, 275),
(351, 9, 15),
(352, 3, 329),
(353, 1, 364),
(354, 3, 473),
(355, 2, 241),
(356, 3, 339),
(357, 1, 369),
(358, 3, 465),
(359, 8, 597),
(360, 2, 267),
(361, 4, 557),
(362, 1, 39),
(363, 4, 211),
(364, 2, 256),
(365, 2, 107),
(366, 3, 239),
(367, 3, 438),
(368, 5, 595),
(369, 1, 345),
(370, 1, 214),
(371, 2, 135),
(372, 9, 14),
(373, 2, 75),
(374, 10, 169),
(375, 7, 286),
(376, 1, 323),
(377, 3, 354),
(378, 1, 33),
(379, 7, 275),
(380, 2, 190),
(381, 2, 248),
(382, 1, 357),
(383, 3, 387),
(384, 2, 209),
(385, 10, 543),
(386, 2, 263),
(387, 4, 193),
(388, 1, 362),
(389, 4, 190),
(390, 1, 303),
(391, 3, 288),
(392, 2, 77),
(393, 3, 173),
(394, 4, 184),
(395, 4, 237),
(396, 3, 284),
(397, 1, 22),
(398, 3, 294),
(399, 7, 269),
(400, 3, 332),
(401, 3, 286),
(402, 2, 167),
(403, 4, 556),
(404, 7, 581),
(405, 1, 332),
(406, 3, 270),
(407, 3, 227),
(408, 2, 227),
(409, 2, 112),
(410, 2, 79),
(411, 8, 592),
(412, 3, 299),
(413, 2, 289),
(414, 4, 248),
(415, 2, 149),
(416, 7, 254),
(417, 3, 379),
(418, 5, 600),
(419, 10, 151),
(420, 2, 211),
(421, 7, 276),
(422, 3, 337),
(423, 3, 259),
(424, 4, 214),
(425, 3, 183),
(426, 2, 217),
(427, 3, 366),
(428, 2, 203),
(429, 1, 155),
(430, 2, 111),
(431, 2, 70),
(432, 3, 456),
(433, 8, 595),
(434, 2, 126),
(435, 1, 178),
(436, 1, 48),
(437, 1, 280),
(438, 4, 249),
(439, 4, 199),
(440, 2, 161),
(441, 3, 386),
(442, 3, 153),
(443, 1, 25),
(444, 4, 567),
(445, 1, 228),
(446, 4, 242),
(447, 3, 470),
(448, 2, 159),
(449, 3, 490),
(450, 4, 553),
(451, 3, 197),
(452, 3, 484),
(453, 2, 108),
(454, 3, 427),
(455, 1, 192),
(456, 1, 371),
(457, 1, 356),
(458, 3, 293),
(459, 10, 501),
(460, 3, 454),
(461, 1, 180),
(462, 4, 225),
(463, 7, 252),
(464, 3, 385),
(465, 2, 66),
(466, 2, 199),
(467, 2, 284),
(468, 3, 251),
(469, 4, 171),
(470, 2, 132),
(471, 10, 517),
(472, 1, 360),
(473, 1, 232),
(474, 3, 322),
(475, 2, 176),
(476, 4, 241),
(477, 2, 232),
(478, 3, 152),
(479, 3, 212),
(480, 8, 572),
(481, 3, 477),
(482, 3, 272),
(483, 1, 42),
(484, 3, 394),
(485, 1, 390),
(486, 2, 208),
(487, 3, 247),
(488, 2, 63),
(489, 1, 183),
(490, 2, 82),
(491, 4, 564),
(492, 7, 295),
(493, 1, 288),
(494, 2, 80),
(495, 10, 546),
(496, 1, 29),
(497, 3, 263),
(498, 1, 388),
(499, 1, 399),
(500, 1, 387),
(501, 3, 359),
(502, 3, 336),
(503, 1, 157),
(504, 3, 362),
(505, 1, 372),
(506, 3, 466),
(507, 7, 289),
(508, 3, 361),
(509, 3, 308),
(510, 1, 217),
(511, 3, 265),
(512, 2, 92),
(513, 2, 193),
(514, 7, 299),
(515, 9, 3),
(516, 2, 141),
(517, 3, 416),
(518, 1, 256),
(519, 1, 218),
(520, 2, 277),
(521, 10, 522),
(522, 2, 180),
(523, 3, 459),
(524, 1, 260),
(525, 1, 156),
(526, 3, 182),
(527, 4, 219),
(528, 1, 223),
(529, 1, 368),
(530, 2, 52),
(531, 4, 231),
(532, 1, 380),
(533, 3, 338),
(534, 1, 20),
(535, 9, 619),
(536, 1, 196),
(537, 1, 309),
(538, 1, 306),
(539, 2, 127),
(540, 4, 222),
(541, 1, 254),
(542, 2, 84),
(543, 2, 54),
(544, 4, 208),
(545, 2, 268),
(546, 3, 405),
(547, 1, 30),
(548, 3, 391),
(549, 4, 561),
(550, 7, 270),
(551, 2, 202),
(552, 1, 168),
(553, 2, 83),
(554, 1, 255),
(555, 1, 298),
(556, 9, 8),
(557, 9, 613),
(558, 10, 537),
(559, 3, 310),
(560, 3, 444),
(561, 2, 210),
(562, 9, 620),
(563, 3, 455),
(564, 1, 300),
(565, 3, 169),
(566, 3, 393),
(567, 3, 377),
(568, 10, 509),
(569, 4, 174),
(570, 4, 189),
(571, 1, 226),
(572, 7, 584),
(573, 1, 225),
(574, 4, 239),
(575, 2, 192),
(576, 2, 281),
(577, 3, 363),
(578, 1, 289),
(579, 3, 233),
(580, 3, 471),
(581, 1, 324),
(582, 3, 383),
(583, 3, 302),
(584, 3, 423),
(585, 2, 215),
(586, 2, 233),
(587, 1, 355),
(588, 2, 297),
(589, 2, 145),
(590, 8, 574),
(591, 5, 599),
(592, 1, 202),
(593, 1, 173),
(594, 8, 598),
(595, 2, 260),
(596, 2, 288),
(597, 10, 549),
(598, 4, 569),
(599, 2, 173),
(600, 3, 163),
(601, 3, 368),
(602, 2, 97),
(603, 10, 507),
(604, 1, 252),
(605, 4, 221),
(606, 1, 253),
(607, 1, 23),
(608, 3, 296),
(609, 5, 594),
(610, 3, 162),
(611, 9, 612),
(612, 4, 187),
(613, 1, 165),
(614, 9, 6),
(615, 2, 296),
(616, 3, 435),
(617, 7, 256),
(618, 1, 344),
(619, 2, 216),
(620, 4, 182),
(621, 1, 381),
(622, 3, 266),
(623, 4, 206),
(624, 2, 65),
(625, 1, 243),
(626, 7, 264),
(627, 5, 593),
(628, 2, 124),
(629, 3, 436),
(630, 3, 244),
(631, 4, 207),
(632, 7, 291),
(633, 10, 519),
(634, 3, 309),
(635, 1, 335),
(636, 1, 342),
(637, 1, 261),
(638, 2, 169),
(639, 1, 326),
(640, 3, 292),
(641, 3, 231),
(642, 2, 283),
(643, 3, 467),
(644, 3, 496),
(645, 1, 227),
(646, 1, 249),
(647, 1, 395),
(648, 2, 89),
(649, 3, 482),
(650, 3, 408),
(651, 1, 28),
(652, 7, 285),
(653, 3, 333),
(654, 2, 160),
(655, 3, 252),
(656, 2, 103),
(657, 1, 204),
(658, 1, 31),
(659, 3, 445),
(660, 4, 229),
(661, 3, 317),
(662, 10, 504),
(663, 1, 37),
(664, 1, 301),
(665, 3, 453),
(666, 1, 206),
(667, 1, 246),
(668, 1, 167),
(669, 2, 102),
(670, 2, 261),
(671, 2, 174),
(672, 2, 62),
(673, 2, 120),
(674, 3, 283),
(675, 3, 485),
(676, 3, 392),
(677, 3, 213),
(678, 4, 175),
(679, 1, 242),
(680, 3, 380),
(681, 1, 278),
(682, 10, 166),
(683, 1, 282),
(684, 1, 245),
(685, 1, 234),
(686, 2, 99),
(687, 1, 3),
(688, 2, 222),
(689, 3, 166),
(690, 2, 146),
(691, 3, 175),
(692, 7, 253),
(693, 1, 272),
(694, 3, 155),
(695, 3, 314),
(696, 2, 121),
(697, 10, 165),
(698, 4, 245),
(699, 1, 251),
(700, 3, 181),
(701, 2, 122),
(702, 4, 204),
(703, 4, 227),
(704, 4, 224),
(705, 2, 238),
(706, 1, 270),
(707, 8, 571),
(708, 2, 278),
(709, 3, 331),
(710, 7, 290),
(711, 3, 184),
(712, 2, 93),
(713, 4, 213),
(714, 7, 287),
(715, 10, 538),
(716, 1, 376),
(717, 1, 394),
(718, 1, 378),
(719, 2, 246),
(720, 10, 518),
(721, 1, 176),
(722, 2, 205),
(723, 1, 222),
(724, 2, 68),
(725, 1, 273),
(726, 4, 191),
(727, 10, 508),
(728, 1, 179),
(729, 3, 468),
(730, 3, 441),
(731, 1, 44),
(732, 3, 328),
(733, 1, 276),
(734, 9, 10),
(735, 1, 239),
(736, 3, 474),
(737, 3, 407),
(738, 1, 308),
(739, 1, 331),
(740, 2, 204),
(741, 1, 274),
(742, 3, 287),
(743, 1, 230),
(744, 6, 601),
(745, 3, 395),
(746, 2, 78),
(747, 3, 198),
(748, 4, 218),
(749, 1, 1),
(750, 1, 340),
(751, 3, 330),
(752, 1, 151),
(753, 3, 208),
(754, 7, 587),
(755, 3, 429),
(756, 2, 191),
(757, 2, 182),
(758, 2, 51),
(759, 1, 374),
(760, 6, 602),
(761, 2, 294),
(762, 1, 375),
(763, 2, 258),
(764, 2, 295),
(765, 1, 36),
(766, 3, 396),
(767, 3, 341),
(768, 1, 164),
(769, 1, 47),
(770, 2, 56),
(771, 1, 328),
(772, 3, 312),
(773, 3, 186),
(774, 2, 292),
(775, 1, 8),
(776, 10, 159),
(777, 7, 284),
(778, 4, 236),
(779, 7, 588),
(780, 1, 209),
(781, 9, 16),
(782, 1, 296),
(783, 3, 495),
(784, 2, 272),
(785, 2, 130),
(786, 3, 187),
(787, 3, 307),
(788, 1, 258),
(789, 3, 378),
(790, 2, 106),
(791, 2, 118),
(792, 2, 254),
(793, 4, 565),
(794, 3, 172),
(795, 4, 179),
(796, 1, 163),
(797, 3, 273),
(798, 1, 153),
(799, 1, 174),
(800, 2, 115),
(801, 4, 188),
(802, 3, 411),
(803, 3, 253),
(804, 2, 71),
(805, 1, 346),
(806, 3, 271),
(807, 3, 250),
(808, 10, 520),
(809, 10, 160),
(810, 7, 590),
(811, 3, 489),
(812, 3, 301),
(813, 3, 243),
(814, 8, 591),
(815, 3, 258),
(816, 9, 17),
(817, 1, 290),
(818, 2, 139),
(819, 2, 74),
(820, 3, 481),
(821, 3, 364),
(822, 3, 280),
(823, 2, 249),
(824, 1, 291),
(825, 3, 355),
(826, 3, 167),
(827, 3, 400),
(828, 4, 562),
(829, 2, 242),
(830, 8, 596),
(831, 7, 271),
(832, 1, 175),
(833, 2, 85),
(834, 3, 384),
(835, 1, 325),
(836, 1, 286),
(837, 3, 205),
(838, 1, 241),
(839, 3, 409),
(840, 3, 191),
(841, 1, 339),
(842, 3, 350),
(843, 3, 464),
(844, 1, 46),
(845, 7, 260),
(846, 4, 203),
(847, 1, 316),
(848, 7, 293),
(849, 3, 188),
(850, 3, 199),
(851, 1, 6),
(852, 3, 370),
(853, 7, 585),
(854, 1, 359),
(855, 2, 114),
(856, 2, 170),
(857, 1, 338),
(858, 4, 232),
(859, 1, 2),
(860, 3, 174),
(861, 4, 217),
(862, 2, 128),
(863, 3, 476),
(864, 3, 424),
(865, 2, 119),
(866, 7, 300),
(867, 10, 542),
(868, 7, 266),
(869, 3, 316),
(870, 2, 166),
(871, 8, 602),
(872, 3, 402),
(873, 3, 229),
(874, 10, 521),
(875, 4, 247),
(876, 3, 406),
(877, 3, 268),
(878, 2, 117),
(879, 3, 398),
(880, 2, 212),
(881, 4, 195),
(882, 4, 202),
(883, 6, 607),
(884, 3, 262),
(885, 2, 234),
(886, 2, 262),
(887, 3, 164),
(888, 1, 16),
(889, 10, 511),
(890, 10, 524),
(891, 3, 281),
(892, 2, 181),
(893, 10, 545),
(894, 9, 2),
(895, 3, 160),
(896, 7, 294),
(897, 4, 560),
(898, 1, 366),
(899, 2, 188),
(900, 1, 12),
(901, 2, 253),
(902, 1, 329),
(903, 1, 295),
(904, 4, 215),
(905, 3, 193),
(906, 1, 27),
(907, 3, 235),
(908, 3, 320),
(909, 1, 15),
(910, 1, 319),
(911, 3, 277),
(912, 2, 61),
(913, 2, 137),
(914, 3, 426),
(915, 10, 162),
(916, 10, 158),
(917, 1, 211),
(918, 1, 7),
(919, 9, 20),
(920, 4, 244),
(921, 3, 256),
(922, 3, 303),
(923, 1, 190),
(924, 6, 610),
(925, 1, 43),
(926, 2, 125),
(927, 9, 13),
(928, 3, 189),
(929, 3, 323),
(930, 1, 314),
(931, 6, 605),
(932, 7, 251),
(933, 1, 5),
(934, 1, 224),
(935, 7, 259),
(936, 7, 273),
(937, 3, 418),
(938, 1, 333),
(939, 3, 375),
(940, 2, 270),
(941, 3, 452),
(942, 1, 34),
(943, 7, 292),
(944, 3, 276),
(945, 6, 606),
(946, 1, 152),
(947, 10, 503),
(948, 1, 287),
(949, 2, 214),
(950, 3, 237),
(951, 9, 9),
(952, 8, 603),
(953, 2, 76),
(954, 8, 599),
(955, 3, 249),
(956, 2, 148),
(957, 3, 357),
(958, 4, 180),
(959, 2, 164),
(960, 1, 367),
(961, 4, 176),
(962, 1, 389),
(963, 4, 551),
(964, 1, 302),
(965, 10, 515),
(966, 10, 164),
(967, 2, 136),
(968, 2, 280),
(969, 1, 154),
(970, 10, 531),
(971, 1, 384),
(972, 1, 299),
(973, 3, 422),
(974, 1, 281),
(975, 1, 19),
(976, 1, 391),
(977, 3, 344),
(978, 3, 399),
(979, 2, 271),
(980, 3, 170),
(981, 10, 505),
(982, 1, 24),
(983, 3, 203),
(984, 1, 349),
(985, 5, 592),
(986, 4, 212),
(987, 7, 261),
(988, 3, 204),
(989, 2, 291),
(990, 1, 238),
(991, 3, 236),
(992, 2, 259),
(993, 1, 365),
(994, 2, 94),
(995, 3, 192),
(996, 1, 41),
(997, 4, 246),
(998, 7, 589),
(999, 1, 182),
(1000, 4, 233),
(1001, 1, 229),
(1002, 7, 268),
(1003, 3, 367),
(1004, 3, 177),
(1005, 1, 235),
(1006, 8, 577),
(1007, 4, 568),
(1008, 3, 232),
(1009, 8, 594),
(1010, 3, 221),
(1011, 2, 69),
(1012, 2, 101),
(1013, 2, 226),
(1014, 1, 215),
(1015, 8, 575),
(1016, 3, 240),
(1017, 2, 100),
(1018, 10, 170),
(1019, 2, 282),
(1020, 1, 382),
(1021, 3, 206),
(1022, 1, 392),
(1023, 2, 186),
(1024, 9, 12),
(1025, 10, 547),
(1026, 4, 559),
(1027, 7, 263),
(1028, 2, 179),
(1029, 2, 138),
(1030, 2, 152),
(1031, 7, 267),
(1032, 1, 210),
(1033, 8, 600),
(1034, 2, 198),
(1035, 3, 410),
(1036, 1, 208),
(1037, 1, 361),
(1038, 2, 231),
(1039, 1, 347),
(1040, 3, 469),
(1041, 3, 254),
(1042, 3, 480),
(1043, 3, 415),
(1044, 3, 346),
(1045, 1, 385),
(1046, 8, 601),
(1047, 10, 530),
(1048, 2, 177),
(1049, 2, 266),
(1050, 2, 235),
(1051, 1, 13),
(1052, 1, 191),
(1053, 1, 330),
(1054, 10, 536),
(1055, 2, 81),
(1056, 1, 17),
(1057, 7, 280),
(1058, 9, 19),
(1059, 10, 533),
(1060, 2, 143),
(1061, 1, 264),
(1062, 1, 198),
(1063, 3, 431),
(1064, 4, 183),
(1065, 10, 525),
(1066, 3, 458),
(1067, 3, 403),
(1068, 7, 278),
(1069, 3, 373),
(1070, 3, 345),
(1071, 4, 552),
(1072, 2, 265),
(1073, 7, 274),
(1074, 4, 196),
(1075, 1, 284),
(1076, 7, 288),
(1077, 7, 257),
(1078, 4, 178),
(1079, 3, 376),
(1080, 3, 374),
(1081, 4, 197),
(1082, 4, 181),
(1083, 2, 183),
(1084, 2, 252),
(1085, 2, 200),
(1086, 2, 162),
(1087, 3, 209),
(1088, 4, 186),
(1089, 3, 156),
(1090, 3, 425),
(1091, 3, 241),
(1092, 4, 234),
(1093, 4, 555),
(1094, 3, 433),
(1095, 2, 236),
(1096, 3, 460),
(1097, 1, 293),
(1098, 3, 413),
(1099, 2, 147),
(1100, 1, 220),
(1101, 3, 196),
(1102, 3, 358),
(1103, 3, 313),
(1104, 3, 327),
(1105, 2, 163),
(1106, 10, 526),
(1107, 3, 414),
(1108, 3, 195),
(1109, 1, 267),
(1110, 2, 157),
(1111, 1, 200),
(1112, 1, 233),
(1113, 3, 207),
(1114, 2, 290),
(1115, 2, 73),
(1116, 10, 155),
(1117, 3, 228),
(1118, 3, 234),
(1119, 1, 181),
(1120, 3, 449),
(1121, 7, 283),
(1122, 2, 133),
(1123, 1, 236),
(1124, 2, 57),
(1125, 1, 263),
(1126, 1, 259),
(1127, 1, 244),
(1128, 1, 186),
(1129, 3, 326),
(1130, 7, 279),
(1131, 2, 223),
(1132, 1, 311),
(1133, 2, 245),
(1134, 2, 229),
(1135, 3, 430),
(1136, 1, 169),
(1137, 1, 35),
(1138, 3, 448),
(1139, 2, 194),
(1140, 8, 576),
(1141, 1, 304),
(1142, 2, 129),
(1143, 10, 153),
(1144, 2, 64),
(1145, 4, 235),
(1146, 3, 261),
(1147, 2, 123),
(1148, 10, 152),
(1149, 2, 72),
(1150, 2, 250),
(1151, 3, 267),
(1152, 1, 197),
(1153, 10, 506),
(1154, 3, 325),
(1155, 7, 296),
(1156, 5, 596),
(1157, 2, 88),
(1158, 10, 168),
(1159, 1, 199),
(1160, 1, 336),
(1161, 2, 59),
(1162, 3, 222),
(1163, 2, 98),
(1164, 9, 618),
(1165, 2, 151),
(1166, 3, 282),
(1167, 1, 162),
(1168, 4, 198),
(1169, 4, 201),
(1170, 2, 247),
(1171, 3, 295),
(1172, 9, 1),
(1173, 7, 281),
(1174, 6, 609),
(1175, 2, 269),
(1176, 3, 439),
(1177, 1, 188),
(1178, 1, 327),
(1179, 1, 283),
(1180, 1, 166),
(1181, 10, 157),
(1182, 1, 297),
(1183, 6, 603),
(1184, 2, 300),
(1185, 1, 250),
(1186, 10, 516),
(1187, 10, 527),
(1188, 3, 382),
(1189, 2, 142),
(1190, 4, 172),
(1191, 2, 60),
(1192, 3, 171),
(1193, 3, 238),
(1194, 1, 248),
(1195, 3, 388),
(1196, 1, 11),
(1197, 2, 240),
(1198, 1, 189),
(1199, 2, 184),
(1200, 1, 266),
(1201, 2, 185),
(1202, 3, 220),
(1203, 1, 216);

-- --------------------------------------------------------

--
-- Structure de la table `specialty`
--

CREATE TABLE `specialty` (
  `id_spec` int(11) NOT NULL,
  `name_spec` varchar(150) NOT NULL
) ENGINE=InnoDB DEFAULT CHARSET=utf8mb4 COLLATE=utf8mb4_general_ci;

--
-- Déchargement des données de la table `specialty`
--

INSERT INTO `specialty` (`id_spec`, `name_spec`) VALUES
(1, 'Soliste'),
(2, 'Choriste'),
(3, 'Musicien'),
(4, 'Compositeur'),
(5, 'Chef d\'orchestre'),
(6, 'Arrangeur musical'),
(7, 'Instrumentiste'),
(8, 'Producteur musical'),
(9, 'Ingénieur du son'),
(10, 'DJ');

-- --------------------------------------------------------

--
-- Structure de la table `state`
--

CREATE TABLE `state` (
  `id_state` int(11) NOT NULL,
  `name_state` varchar(150) NOT NULL
) ENGINE=InnoDB DEFAULT CHARSET=utf8mb4 COLLATE=utf8mb4_general_ci;

--
-- Déchargement des données de la table `state`
--

INSERT INTO `state` (`id_state`, `name_state`) VALUES
(1, 'France'),
(2, 'Belgique'),
(3, 'Canada'),
(4, 'Suisse'),
(5, 'Luxembourg'),
(6, 'Allemagne'),
(7, 'Italie'),
(8, 'Espagne'),
(9, 'Portugal'),
(10, 'Royaume-Uni');

-- --------------------------------------------------------

--
-- Structure de la table `town`
--

CREATE TABLE `town` (
  `id_town` int(11) NOT NULL,
  `postal_code_town` varchar(10) NOT NULL,
  `id_region` int(11) NOT NULL,
  `name_town` varchar(150) NOT NULL
) ENGINE=InnoDB DEFAULT CHARSET=utf8mb4 COLLATE=utf8mb4_general_ci;

--
-- Déchargement des données de la table `town`
--

INSERT INTO `town` (`id_town`, `postal_code_town`, `id_region`, `name_town`) VALUES
(1, '75001', 1, 'Paris'),
(2, '78000', 1, 'Versailles'),
(3, '33000', 2, 'Bordeaux'),
(4, '64000', 2, 'Pau'),
(5, '69001', 3, 'Lyon'),
(6, '63000', 3, 'Clermont-Ferrand'),
(7, '5000', 4, 'Namur'),
(8, '6000', 4, 'Charleroi'),
(9, '9000', 5, 'Gand'),
(10, '1000', 5, 'Anvers'),
(11, '1000', 6, 'Bruxelles'),
(12, '1030', 6, 'Schaerbeek'),
(13, '80331', 7, 'Munich'),
(14, '90402', 7, 'Nuremberg'),
(15, '70173', 8, 'Stuttgart'),
(16, '69115', 8, 'Heidelberg'),
(17, '50667', 9, 'Cologne'),
(18, '40213', 9, 'Düsseldorf'),
(19, 'L-1313', 10, 'Luxembourg'),
(20, 'L-4363', 10, 'Esch-sur-Alzette');

-- --------------------------------------------------------

--
-- Structure de la table `track`
--

CREATE TABLE `track` (
  `id_track` int(11) NOT NULL,
  `name_track` varchar(250) NOT NULL,
  `year_track` date NOT NULL,
  `author_name_track` varchar(250) NOT NULL,
  `duration_track` int(11) NOT NULL,
  `id_type` int(11) NOT NULL
) ENGINE=InnoDB DEFAULT CHARSET=utf8mb4 COLLATE=utf8mb4_general_ci;

--
-- Déchargement des données de la table `track`
--

INSERT INTO `track` (`id_track`, `name_track`, `year_track`, `author_name_track`, `duration_track`, `id_type`) VALUES
(1, 'Est veritatis sit eaque.', '2003-06-16', 'Jacques de Berger', 133, 1),
(2, 'Aut placeat aliquam modi.', '2020-03-11', 'Charles Tanguy', 271, 2),
(3, 'Et quis sunt porro.', '1981-07-02', 'Maurice Garcia', 142, 5),
(4, 'Non quasi in rem nisi quia.', '1993-04-20', 'Brigitte-Margaud Michaud', 203, 9),
(5, 'Soluta beatae ea minus.', '2016-10-20', 'Jérôme Lemaitre', 211, 1),
(6, 'Dolore ea nemo voluptas.', '1990-05-09', 'Paul Leconte', 227, 1),
(7, 'Nesciunt nisi vero autem.', '2015-05-28', 'Susan Lamy', 155, 10),
(8, 'Nemo ea sint ullam a vel.', '2023-07-17', 'Noémi Leblanc', 156, 9),
(9, 'Excepturi fugiat ut et.', '1986-04-06', 'Éléonore Jacob', 164, 7),
(10, 'Dolor ut quia iusto.', '1990-03-27', 'Charlotte-Nicole Berthelot', 113, 3),
(11, 'Voluptates ut eius et minima.', '1994-03-11', 'Lucas de la Germain', 183, 7),
(12, 'Et quo maiores omnis aut.', '2016-10-04', 'Élodie Lefebvre', 240, 3),
(13, 'Et aperiam cum totam.', '2020-02-28', 'Adèle Lopez-Marchal', 152, 10),
(14, 'Dolores eum cumque est rerum.', '1995-03-02', 'Raymond Lemaitre', 94, 5),
(15, 'Dolorem repellendus nam est.', '1984-09-18', 'Pierre-Émile Leconte', 182, 4),
(16, 'Odit tempora iure rem rerum.', '1970-06-03', 'Geneviève du Delaunay', 121, 4),
(17, 'Sed optio est sapiente sunt.', '1977-06-13', 'Yves Thomas', 221, 9),
(18, 'Et eligendi quos quae quod.', '2010-10-23', 'Laurent Barthelemy', 219, 6),
(19, 'Neque culpa ut vel soluta.', '2015-08-19', 'Laurence Traore', 144, 9),
(20, 'Non unde repellat molestias.', '1995-02-05', 'Zacharie Blanchard', 300, 7),
(21, 'Distinctio a fuga ab qui sed.', '2020-04-10', 'Joséphine-Nicole Antoine', 265, 6),
(22, 'Rerum libero odit non soluta.', '1990-06-02', 'Charles Blanchard', 256, 5),
(23, 'Cum odit odio ut consequatur.', '1991-01-19', 'Agathe de Gaudin', 248, 8),
(24, 'Nam harum itaque eveniet.', '2005-11-11', 'Suzanne Guillon', 110, 2),
(25, 'In et quae aut.', '2015-02-04', 'Corinne Roche-Blin', 109, 1),
(26, 'At et magni in consectetur.', '1979-10-23', 'Constance Coste', 142, 9),
(27, 'Et esse esse dolorum vero.', '2005-05-25', 'Colette Delmas-Martin', 147, 3),
(28, 'Ut molestiae saepe velit.', '2007-04-16', 'Pierre Baron', 122, 6),
(29, 'Fuga soluta minus magni.', '1981-10-23', 'Arnaude Joubert', 211, 9),
(30, 'Numquam eos sit laborum.', '1976-02-10', 'Robert Hubert', 121, 7),
(31, 'Aliquam est non dignissimos.', '2000-04-27', 'Alex Gomez', 188, 8),
(32, 'Similique nam ea est et quia.', '2004-11-29', 'Laure Pruvost', 299, 8),
(33, 'Magni est et pariatur eius.', '1996-07-26', 'Virginie Langlois', 283, 6),
(34, 'Dolore est quae libero.', '2021-07-28', 'Catherine Gilles-Ferreira', 249, 3),
(35, 'Et suscipit aliquid alias.', '1979-03-16', 'Thibault Martin', 177, 3),
(36, 'Suscipit aut qui aut eos.', '2013-09-25', 'Claude Le Rodrigues', 167, 2),
(37, 'Voluptas odit odit est.', '2012-04-15', 'Laurence de la Philippe', 236, 1),
(38, 'Beatae ut quis et ut.', '1981-09-06', 'Hugues Daniel', 174, 4),
(39, 'Eius quia enim et fugiat quo.', '1984-02-18', 'Marianne Alexandre', 153, 9),
(40, 'Nisi quas eligendi quia.', '1976-03-15', 'Gérard-Léon Martineau', 285, 5),
(41, 'Fugit dolor ut corrupti quia.', '2017-06-30', 'Anastasie Thibault', 202, 2),
(42, 'Et modi sit voluptas et.', '1984-08-23', 'Frédéric Le Bernier', 230, 2),
(43, 'Esse et qui earum a.', '1992-07-14', 'Thibaut Gallet-Evrard', 264, 3),
(44, 'Magni est aut eos.', '1990-07-26', 'Bernard Hebert', 284, 3),
(45, 'Est magni illo fuga rem.', '2009-12-24', 'Sylvie Boutin', 278, 2),
(46, 'Ut suscipit quia suscipit.', '2000-05-26', 'Matthieu du Renaud', 114, 10),
(47, 'Nam non aliquam minus natus.', '2001-03-15', 'William-Antoine Grenier', 140, 1),
(48, 'Odio et rerum quas sed.', '1990-04-25', 'Isaac Blin', 272, 6),
(49, 'Sunt magnam vel ab quaerat.', '1972-06-04', 'Eugène Leroy-Pereira', 143, 3),
(50, 'Unde inventore minus ipsa in.', '2004-03-16', 'Alain Boulanger', 284, 1),
(51, 'Est ut voluptatem sint nobis.', '2000-10-20', 'André Barthelemy', 179, 1),
(52, 'Labore dolores et dolor.', '1992-01-07', 'Marcel-Étienne Marie', 100, 5),
(53, 'Quidem esse est animi.', '2016-08-15', 'Virginie Thomas', 176, 2),
(54, 'Aut culpa rerum in omnis eum.', '2013-01-25', 'Chantal Salmon', 143, 4),
(55, 'Iste porro ex ut.', '1997-02-23', 'Dorothée Etienne', 244, 10),
(56, 'Sit aut amet minima ut quasi.', '1999-07-13', 'Jeannine de Dos Santos', 151, 7),
(57, 'Sint dicta quam sint.', '1988-01-08', 'Luce Moreno', 133, 5),
(58, 'Ea nam sit ad.', '1999-06-16', 'Gérard Gaudin', 129, 3),
(59, 'Et ipsa autem vero placeat.', '2018-07-16', 'Arthur-Jean Bourdon', 267, 2),
(60, 'Non nostrum eius qui autem.', '1981-08-26', 'Margaux Germain', 234, 6),
(61, 'Dicta hic quia quos.', '2015-08-06', 'Thomas-Dominique Ferrand', 128, 3),
(62, 'Saepe sint voluptatem neque.', '1986-09-08', 'Sébastien Samson', 100, 1),
(63, 'Ab eius dolorem quo.', '2003-09-21', 'Jacques du Ramos', 152, 1),
(64, 'Et sed voluptates recusandae.', '1979-07-04', 'Patricia du Delannoy', 165, 1),
(65, 'Amet quia neque et rerum.', '2009-06-03', 'Maurice Le Lacombe', 268, 3),
(66, 'Ut sed ipsa incidunt tempore.', '2016-05-31', 'Zoé de Daniel', 123, 9),
(67, 'Itaque aut est in et odit.', '2012-07-31', 'Aurélie de Leleu', 184, 3),
(68, 'Aliquam et autem repudiandae.', '1974-03-09', 'Valérie Petitjean', 216, 1),
(69, 'Non eum et dolores iure est.', '2008-05-19', 'Amélie Rossi', 90, 8),
(70, 'Facere voluptatem et eum qui.', '1987-07-02', 'Anne Schmitt', 216, 1),
(71, 'Ut vel sed qui natus sed.', '1982-03-29', 'Olivier Lebreton', 237, 9),
(72, 'Ullam odio consectetur quo.', '1996-12-26', 'Anouk de Chauveau', 190, 8),
(73, 'Et ipsa sed dolorum expedita.', '1979-03-19', 'Isaac Lefebvre', 250, 3),
(74, 'Vel rem ea aut iure eos.', '2006-03-27', 'Pénélope Rodriguez', 165, 5),
(75, 'Odit id qui iste.', '1970-07-28', 'Émilie Lacombe', 117, 3),
(76, 'Ut eos omnis nostrum.', '2021-12-18', 'Philippe de la Roche', 294, 3),
(77, 'Quia omnis qui qui voluptas.', '1996-06-19', 'Alfred Weber-Lejeune', 165, 4),
(78, 'Sint qui qui ratione.', '1993-12-19', 'Alfred Boucher', 272, 7),
(79, 'Cupiditate ea sed sit.', '1996-08-15', 'Honoré Pottier', 259, 9),
(80, 'Et aut rem sed dignissimos.', '2011-02-26', 'Aimée Laporte', 215, 2),
(81, 'Magni sint ut ut odit eum.', '1973-10-26', 'Sophie-Monique Chretien', 192, 4),
(82, 'Ut expedita repudiandae non.', '2020-12-10', 'Hugues Bourdon', 105, 10),
(83, 'Omnis aut sunt inventore et.', '2003-10-08', 'Margot Munoz', 241, 3),
(84, 'Rerum et inventore quis sunt.', '2016-10-02', 'Théodore Ferreira-Barre', 198, 1),
(85, 'Numquam rerum modi aut.', '1994-08-12', 'Nicolas Jacquot-Breton', 203, 1),
(86, 'Deleniti id maiores incidunt.', '2006-02-02', 'Alexandre Langlois', 123, 5),
(87, 'Quibusdam aut pariatur omnis.', '1994-09-11', 'Gilbert Perrier', 240, 9),
(88, 'Fugiat voluptate placeat ut.', '2001-01-29', 'Jules de la Martel', 248, 9),
(89, 'Ut qui vel molestiae.', '1990-06-18', 'Danielle-Hélène Bigot', 158, 7),
(90, 'Vero nostrum ut aut autem.', '1987-10-19', 'Élisabeth Poirier', 276, 9),
(91, 'Et iusto iure aut qui et.', '1985-08-18', 'Henri Samson', 153, 2),
(92, 'Accusantium quo qui enim.', '2001-06-08', 'Denise Nguyen', 171, 9),
(93, 'Fuga nulla quia id optio.', '2014-08-21', 'Henri-Jacques Guillot', 207, 2),
(94, 'Quia odit qui labore aut.', '2006-05-08', 'Olivier Baudry', 266, 10),
(95, 'At explicabo ipsa at rerum.', '1979-11-23', 'Michel Schmitt', 199, 5),
(96, 'Vel nam quas molestiae.', '1989-11-27', 'Lorraine Guyon', 245, 2),
(97, 'Dolores eaque ipsam qui ipsa.', '1985-03-25', 'Émilie Remy', 214, 7),
(98, 'Assumenda a et cum nihil.', '1993-08-01', 'Éric David', 142, 9),
(99, 'Placeat libero qui earum.', '1977-12-04', 'Arnaude Schmitt', 206, 7),
(100, 'Et veniam mollitia velit et.', '2023-09-12', 'Michèle Thierry', 200, 10),
(101, 'Atque est numquam ut et.', '1984-09-02', 'Dorothée Germain', 206, 3),
(102, 'Culpa qui odit et doloribus.', '1989-06-04', 'Océane du Olivier', 152, 9),
(103, 'Magnam quia quia enim natus.', '2022-09-09', 'Vincent du Leger', 246, 2),
(104, 'Adipisci odit qui sit qui.', '1992-02-22', 'Élise Gomez', 276, 8),
(105, 'Omnis fuga omnis fuga rerum.', '1994-07-21', 'Alexandrie Mace', 298, 6),
(106, 'Id et saepe est quo aliquid.', '1980-08-15', 'Emmanuel Jean', 137, 2),
(107, 'Quia et cumque ipsum.', '1996-01-01', 'Philippe Pasquier', 279, 3),
(108, 'Non sed earum iure provident.', '1997-10-30', 'Margaux-Emmanuelle Bourdon', 164, 8),
(109, 'Temporibus sunt et neque.', '2001-01-26', 'Claire Jacquet', 221, 4),
(110, 'Velit earum eos cum fugit.', '1999-11-17', 'Laurent de Dumont', 299, 5),
(111, 'Tenetur culpa eius nam velit.', '2008-02-28', 'Valérie Dos Santos', 139, 5),
(112, 'Labore eum illo sequi.', '2015-06-14', 'Denise Gautier', 110, 3),
(113, 'Incidunt id est ut molestiae.', '2023-10-01', 'Michelle Vasseur-Barbier', 254, 10),
(114, 'Est excepturi rem eos sed.', '1975-05-26', 'Gilles Fernandez', 220, 4),
(115, 'Porro quo reiciendis sint et.', '2006-10-06', 'Paul Lecoq', 255, 1),
(116, 'Et alias amet est cumque.', '2008-10-21', 'Marcelle-Margot Chretien', 108, 6),
(117, 'In magni dolor recusandae.', '2016-09-12', 'Auguste Marchand', 109, 3),
(118, 'Quaerat itaque est suscipit.', '2008-01-29', 'Tristan Normand', 221, 1),
(119, 'Qui maiores cum amet.', '2005-05-22', 'Guillaume Allard', 248, 3),
(120, 'Nisi incidunt aut atque.', '2024-03-23', 'Emmanuel Laurent-Louis', 182, 9),
(121, 'Cumque sit maiores totam est.', '1972-05-31', 'Juliette Moreno', 249, 1),
(122, 'Sed eum incidunt dolor.', '1993-07-21', 'Roger Marechal-Fernandes', 217, 10),
(123, 'Eos itaque inventore porro.', '1980-08-24', 'Marianne Meyer', 243, 5),
(124, 'Quo quidem iste cum possimus.', '1982-08-26', 'Raymond-Guillaume Leleu', 201, 10),
(125, 'Qui nostrum qui incidunt sit.', '2014-02-04', 'Laurence de la Hoarau', 219, 4),
(126, 'In eius aut maxime rerum.', '1992-10-09', 'Charles-Jules Lemoine', 227, 1),
(127, 'Odio quo qui natus et.', '1998-05-05', 'Danielle Rousseau', 300, 8),
(128, 'Vitae omnis nemo ut numquam.', '1974-12-23', 'Adélaïde Langlois', 237, 3),
(129, 'Et aut non aut quibusdam.', '1993-04-01', 'Auguste-Henri Caron', 144, 10),
(130, 'Autem quaerat veniam sint.', '1973-07-07', 'Stéphanie de Giraud', 160, 8),
(131, 'Sit omnis est et libero.', '1995-01-05', 'Benoît de Lesage', 144, 1),
(132, 'Culpa est est rem beatae.', '1992-12-01', 'Noël Fabre-Guichard', 248, 9),
(133, 'Aliquid et ut porro.', '1994-12-27', 'Tristan Lesage', 129, 9),
(134, 'Culpa eum accusantium cumque.', '1987-01-30', 'Hortense Guerin', 129, 2),
(135, 'Vero in quia blanditiis.', '1998-08-27', 'Margaret Jacquet', 245, 7),
(136, 'Est sunt quas atque.', '2008-12-24', 'Jean Mary', 281, 6),
(137, 'Veritatis et itaque dicta.', '1975-12-25', 'Julie Masse-Duhamel', 176, 6),
(138, 'Est ipsam animi sunt.', '2006-03-07', 'Louise Grondin-Ramos', 100, 7),
(139, 'Fugit quae unde et corporis.', '1972-07-07', 'Victoire-Lucy Pruvost', 228, 4),
(140, 'Quas nihil dolorem quasi.', '1992-11-02', 'Céline Bernier', 151, 10),
(141, 'Dolores eveniet ut sint.', '1986-06-21', 'Gérard Le Goff', 127, 7),
(142, 'Optio ut magnam eum aut.', '1981-12-30', 'Gabriel Dumas', 267, 9),
(143, 'In dolore quia suscipit sunt.', '2018-02-03', 'Gilles Remy-Perez', 233, 6),
(144, 'Sequi quia eius voluptates.', '2019-01-26', 'Nathalie Philippe', 129, 4),
(145, 'Neque eveniet at aut.', '2001-09-16', 'Zoé Renault', 286, 6),
(146, 'Reiciendis vitae eaque est.', '2023-10-05', 'Noël Etienne', 238, 10),
(147, 'Ut quo aut aut pariatur.', '1991-07-12', 'Susan-Marianne Maillot', 131, 9),
(148, 'Placeat vitae iure dolores.', '2002-09-23', 'Marie Leroux', 249, 9),
(149, 'Vero nostrum ex voluptates.', '2015-08-02', 'André du Hernandez', 199, 4),
(150, 'Id et facilis saepe.', '1981-06-08', 'Dominique Masson', 239, 8),
(151, 'Sit soluta quasi id veniam.', '2020-11-07', 'Georges Potier', 181, 3),
(152, 'Et ab officiis eligendi.', '1992-05-13', 'Juliette Rodriguez', 180, 1),
(153, 'Vitae qui quis sed voluptate.', '1973-11-25', 'Renée du Laurent', 237, 10),
(154, 'Non odit doloribus quaerat.', '2006-06-06', 'Sébastien Gros', 121, 2),
(155, 'Deleniti accusamus quia et.', '1980-05-26', 'Louis Jean-Bigot', 218, 10),
(156, 'Et a sint nihil.', '2015-01-19', 'Sabine de la Faivre', 274, 10),
(157, 'Ex saepe dolores fuga fugiat.', '1988-03-21', 'Maurice Fabre', 122, 2),
(158, 'Commodi non ut maxime rerum.', '1979-06-21', 'Nath de Charrier', 167, 2),
(159, 'Id maiores non eaque.', '2011-04-05', 'Guy Daniel', 147, 2),
(160, 'Libero velit ex eum aut sed.', '2017-08-22', 'Matthieu Ollivier', 104, 1),
(161, 'Quo repellat qui expedita.', '1997-08-18', 'Margot De Sousa', 248, 4),
(162, 'Et et ut aliquid.', '1973-08-18', 'Émile Le Roux', 148, 2),
(163, 'Aut hic debitis et eaque eum.', '1985-03-08', 'Chantal Leroux', 156, 9),
(164, 'Aut nemo qui et enim eius ut.', '1971-10-11', 'Nicolas Moulin', 220, 8),
(165, 'Ipsum labore ut laboriosam.', '1986-02-26', 'Thérèse Delorme', 108, 2),
(166, 'Quidem non suscipit quia.', '2015-12-18', 'Lorraine de Fernandez', 283, 9),
(167, 'Odio molestiae sit alias ab.', '2024-01-15', 'Maurice Bertin', 210, 10),
(168, 'Quia eveniet doloremque ut.', '1988-09-24', 'André Imbert', 148, 9),
(169, 'Aut labore aut nam officia.', '2001-12-10', 'Jacques Riviere', 251, 10),
(170, 'Molestias et est qui rem.', '2005-03-26', 'Hélène de Lefort', 175, 1),
(171, 'Nisi dolor quis cumque.', '2004-06-16', 'Odette Monnier', 263, 8),
(172, 'Sit mollitia neque omnis.', '1981-06-25', 'Caroline Chevalier', 290, 4),
(173, 'Debitis iure cum voluptas ut.', '2022-07-26', 'Auguste Leleu-Auger', 141, 5),
(174, 'Fuga ea aliquam aliquid cum.', '1980-02-11', 'Susanne-Paulette Durand', 103, 8),
(175, 'Et ipsam iusto velit.', '2014-10-05', 'Claire Morvan', 147, 4),
(176, 'Sit qui harum modi esse.', '2020-07-23', 'Étienne Dumont', 135, 4),
(177, 'Qui doloribus omnis vel.', '1979-11-19', 'Céline Pelletier', 130, 1),
(178, 'Officiis ab pariatur qui.', '2013-11-08', 'Théodore du Berger', 93, 6),
(179, 'Dolorem modi id nemo minus.', '1982-10-07', 'Thibault Giraud', 199, 10),
(180, 'Velit id saepe ut porro et.', '2015-05-11', 'Gilles Le Le Gall', 287, 3),
(181, 'Sit est ullam qui rerum eum.', '2015-05-25', 'André Perez', 222, 4),
(182, 'Ut enim vel et fuga.', '2014-09-01', 'Gilles Collin', 187, 5),
(183, 'Neque quia nisi sed itaque.', '2010-05-19', 'Sabine Blondel', 187, 2),
(184, 'Et est et dolorem quia.', '1975-07-24', 'Marc Baron', 295, 10),
(185, 'Qui libero et esse.', '1980-05-10', 'Luce Georges', 162, 6),
(186, 'Aut at reprehenderit sed in.', '1980-03-10', 'Franck Perrier-Mallet', 211, 8),
(187, 'Ullam vero ut libero ullam.', '1972-08-28', 'Benjamin-Alain Bailly', 139, 8),
(188, 'Aliquam facere vero quae.', '1999-09-04', 'Agnès Perrot', 181, 2),
(189, 'Et nobis sed odio odit et.', '1972-06-30', 'Véronique Pinto', 224, 7),
(190, 'Ad debitis doloremque illum.', '2008-05-26', 'Marcel Gautier', 266, 10),
(191, 'Sit est expedita aut.', '1977-10-21', 'Honoré du Lagarde', 293, 5),
(192, 'Et et sint sed cupiditate.', '1999-08-26', 'Guy Courtois-Durand', 152, 3),
(193, 'Nemo sit illum dolores est.', '1992-09-07', 'François Meunier', 136, 4),
(194, 'Earum omnis tempora ut earum.', '1996-08-10', 'Amélie Guibert', 291, 8),
(195, 'Id ut illum voluptas et quia.', '1996-04-09', 'Anastasie Tanguy', 111, 1),
(196, 'Aut et id sint magnam eos.', '2003-03-10', 'Matthieu du Maurice', 125, 10),
(197, 'Maxime dolorem placeat earum.', '1991-11-16', 'Noémi-Cécile Evrard', 118, 5),
(198, 'Velit hic sed sint qui quam.', '2022-12-19', 'Yves Joly', 300, 9),
(199, 'Ipsa sed quis quidem magni.', '1974-08-24', 'Édouard Laine', 202, 5),
(200, 'Ut inventore et impedit.', '1998-10-04', 'Gilbert Thomas', 117, 4),
(201, 'Et sit velit est.', '1981-11-08', 'Éléonore Marechal-Brun', 243, 7),
(202, 'Veniam eos aut quasi alias.', '1979-06-17', 'Adélaïde Brun', 161, 8),
(203, 'Quis quibusdam et repellat.', '2017-11-30', 'Paulette Robert', 91, 2),
(204, 'Rerum at quas a sapiente.', '1993-09-26', 'Inès Marie', 283, 10),
(205, 'Illum quia amet ut vel ut.', '1975-12-08', 'Jérôme de la Picard', 126, 8),
(206, 'Saepe aliquid tempore fugiat.', '1998-10-25', 'Mathilde Andre', 146, 7),
(207, 'Eum at modi similique sed.', '2009-02-01', 'Aurélie Daniel', 166, 4),
(208, 'Voluptas at est eius qui.', '1996-01-13', 'Richard Le Guyot', 300, 10),
(209, 'Magnam autem magni iure.', '2023-08-15', 'Marcel-Maurice Roche', 282, 6),
(210, 'Ut minus inventore quia.', '1985-09-09', 'Rémy Didier', 248, 2),
(211, 'A est totam et quod.', '1988-05-11', 'Daniel Schneider-Vallet', 127, 7),
(212, 'Qui nostrum voluptatem velit.', '2009-08-28', 'Pauline-Claire Thomas', 282, 10),
(213, 'Ut ipsa maiores fugiat.', '1987-10-05', 'Éric Pottier', 202, 8),
(214, 'Commodi quam sint rerum.', '1972-03-02', 'Benjamin Laurent', 231, 10),
(215, 'Minus totam fuga error non.', '1993-09-23', 'Lucas Sanchez-Ferreira', 279, 4),
(216, 'At et voluptatibus non in.', '1996-07-16', 'Émile Guerin-Peltier', 260, 9),
(217, 'Ullam explicabo iste rerum.', '2012-05-11', 'Agnès Blot', 112, 4),
(218, 'Ipsum voluptatem et sed.', '1973-05-02', 'Philippe Turpin', 232, 10),
(219, 'Ut magni eaque quia.', '2019-02-11', 'Édouard Lefevre', 270, 5),
(220, 'Rem enim quas et eaque autem.', '2021-08-16', 'Céline Lemonnier', 244, 9),
(221, 'Consequatur sint magni non.', '2007-09-25', 'Sylvie Gosselin-Lemaitre', 224, 10),
(222, 'Vitae eius aspernatur et.', '2018-02-14', 'Adèle-Emmanuelle Chauvet', 176, 6),
(223, 'Sed ut qui et blanditiis.', '1997-10-19', 'Éléonore De Oliveira', 273, 2),
(224, 'In atque id eaque.', '1995-05-17', 'Marie Tanguy', 159, 3),
(225, 'Dolores ad aut laborum.', '1990-10-24', 'Nath Marchand', 134, 9),
(226, 'Deserunt et eos quas.', '1997-04-22', 'Marthe-Simone Vaillant', 244, 6),
(227, 'Eaque qui totam accusamus.', '1993-07-28', 'Nathalie Riou', 141, 3),
(228, 'Et et et eum et.', '2010-06-11', 'Daniel Raymond', 154, 10),
(229, 'Aut eum facere dicta.', '2009-02-07', 'Lorraine-Susanne Andre', 215, 1),
(230, 'Quas quae nihil delectus.', '2000-10-27', 'Colette Pruvost', 175, 9),
(231, 'Minima illo atque minima eos.', '2008-10-24', 'Émile Collet-Martineau', 119, 10),
(232, 'Saepe et a rerum.', '1996-02-20', 'Franck Dos Santos', 283, 3),
(233, 'Porro quo eius assumenda et.', '1991-07-04', 'Valentine Pichon', 204, 10),
(234, 'Optio dolores et vel quae ex.', '1986-08-02', 'Pauline-Monique Weiss', 210, 3),
(235, 'Consequatur est magni qui in.', '2019-12-18', 'Augustin-Xavier Boulanger', 157, 5),
(236, 'Et omnis non et et iusto eos.', '1996-05-09', 'Adrien Fernandes-De Oliveira', 233, 7),
(237, 'Est ipsam illo eum labore.', '1977-09-16', 'Patrick Leveque-Leclercq', 265, 9),
(238, 'Ut autem non velit quos est.', '2023-09-10', 'Gilbert Martel-Le Goff', 286, 10),
(239, 'Iste similique sed est.', '1981-11-29', 'Victor Besnard-Mallet', 102, 10),
(240, 'Quia quas unde reiciendis.', '1984-09-21', 'Virginie Benard', 263, 4),
(241, 'Non ut at iusto amet.', '1986-05-30', 'Laetitia Evrard', 98, 4),
(242, 'Minus eos dolorem enim ut et.', '2005-03-22', 'Lucas Delorme', 96, 6),
(243, 'Aut quos earum et et.', '2013-07-11', 'Christine Le Lacroix', 188, 10),
(244, 'Vero doloribus ut aut.', '1986-06-30', 'Thibault de Begue', 142, 10),
(245, 'Maiores animi optio quis.', '1987-12-29', 'Grégoire-Pierre Besnard', 267, 5),
(246, 'Quibusdam amet et nesciunt.', '2000-03-07', 'Roland-Théodore Daniel', 133, 7),
(247, 'Cum et laboriosam ad.', '2013-11-23', 'Manon Caron', 247, 2),
(248, 'Eligendi iste sunt est aut.', '2021-11-18', 'Matthieu Etienne', 184, 4),
(249, 'At commodi omnis et.', '2013-11-20', 'Louis de la Germain', 111, 10),
(250, 'Quia qui et et aut.', '1991-04-04', 'Thérèse Michaud', 142, 2),
(251, 'Unde labore voluptas dolores.', '1971-03-16', 'Jeannine Aubry', 254, 6),
(252, 'Sed et eum consectetur et.', '2021-07-12', 'Célina Thomas', 272, 7),
(253, 'Eum alias autem cum est.', '2018-02-21', 'Marc Poirier', 285, 4),
(254, 'Omnis et nam vitae et autem.', '2022-12-07', 'Nicole Chevallier-Aubert', 113, 2),
(255, 'Quibusdam debitis sint nobis.', '2000-10-07', 'Joséphine du Chauvet', 239, 3),
(256, 'Sed quia et optio quam.', '1991-12-05', 'Hélène Allard', 183, 10),
(257, 'Perferendis sunt vel et ut.', '1984-03-30', 'Valentine Breton', 190, 5),
(258, 'Voluptatibus est esse iusto.', '1995-08-16', 'Gabrielle Legros', 159, 10),
(259, 'Eos et repellat corporis.', '2010-05-04', 'Thibault Bonnet', 151, 10),
(260, 'Minima non est ratione.', '2018-12-01', 'Lucy de Lopez', 99, 6),
(261, 'Aut et amet odio id possimus.', '1996-05-19', 'Simone de la Schmitt', 294, 10),
(262, 'Et numquam aut aperiam.', '1982-10-24', 'Susan Rolland-Bigot', 207, 8),
(263, 'Et rerum quia sit qui.', '2003-08-05', 'Margaud Torres', 95, 2),
(264, 'Dolore qui atque dolorem.', '1978-10-04', 'Alain Mace-Ferreira', 291, 10),
(265, 'Saepe et et quod voluptas.', '2011-10-19', 'Hélène Lemonnier', 106, 4),
(266, 'Molestiae unde nihil aliquid.', '2000-10-12', 'Vincent-Philippe Grenier', 140, 5),
(267, 'Labore itaque non quam est.', '1990-06-21', 'Thibault Bertrand', 228, 5),
(268, 'Ut officia non et itaque.', '1994-09-15', 'Marc Morvan', 279, 2),
(269, 'Nobis qui ut laudantium non.', '2005-08-14', 'Susanne Morin', 262, 2),
(270, 'Excepturi a animi sint dolor.', '2024-02-11', 'Gérard Pereira', 203, 2),
(271, 'Voluptatem et ut ut nisi.', '1992-03-21', 'Théophile Pineau', 222, 9),
(272, 'Aut ut et iusto dolor aut.', '1997-01-04', 'Marguerite Joseph', 237, 1),
(273, 'Hic aut incidunt rerum.', '2015-04-18', 'Frédéric Boucher-Pons', 284, 3),
(274, 'Nemo soluta libero minima.', '1986-02-15', 'Lucie-Capucine Chauvet', 116, 4),
(275, 'Necessitatibus in amet odio.', '1998-05-18', 'Margaret-Aurore Barbe', 172, 10),
(276, 'In animi nemo perspiciatis.', '1979-02-27', 'Julien Le Bertin', 254, 6),
(277, 'Ducimus est iste rerum illum.', '1996-06-12', 'Capucine-Océane Germain', 241, 3),
(278, 'Et suscipit eveniet ex et id.', '1982-08-31', 'Manon Nguyen', 104, 4),
(279, 'Iste est autem placeat.', '2020-11-11', 'Robert-Gabriel Pons', 173, 3),
(280, 'Ipsa atque ea et et.', '1985-06-25', 'Nath Baudry', 175, 2),
(281, 'Est totam dolorem laudantium.', '2010-04-24', 'Anastasie Roger', 188, 10),
(282, 'Repellat eos minima aperiam.', '1973-03-05', 'Margaud-Sophie Petit', 207, 3),
(283, 'Enim eaque vero quia.', '2017-08-06', 'Henri Le Dubois', 245, 1),
(284, 'Pariatur et dolores quia quo.', '1984-05-20', 'Élise Pottier-Dupont', 123, 8),
(285, 'Eos ut possimus quas tempore.', '1984-07-06', 'Guillaume Joubert', 268, 6),
(286, 'Quasi aspernatur omnis quis.', '1993-09-18', 'François Brun', 110, 2),
(287, 'Ad aliquid et enim voluptas.', '2023-02-06', 'Richard Legros', 119, 2),
(288, 'Quis rerum quae repudiandae.', '1999-05-24', 'Olivie Leveque', 227, 1),
(289, 'Minus dicta commodi cum ut.', '1984-08-05', 'Henri Aubry', 224, 6),
(290, 'Aut ut nemo et dolores.', '2018-03-03', 'Claire Bourgeois', 116, 2),
(291, 'Mollitia ea dicta nisi.', '1996-12-20', 'Paulette Perret', 200, 10),
(292, 'Nobis aut est deleniti.', '1979-12-11', 'Renée Mendes', 182, 5),
(293, 'Error illum et beatae ut.', '1978-06-05', 'Guy Denis', 183, 1),
(294, 'Harum laborum et temporibus.', '2012-07-20', 'Agathe Daniel', 202, 4),
(295, 'Non quia a sequi temporibus.', '2000-03-26', 'Stéphanie Carpentier', 240, 2),
(296, 'Enim dicta magnam maiores.', '1972-11-07', 'Eugène Toussaint-Parent', 292, 3),
(297, 'Vitae blanditiis animi vero.', '2019-06-12', 'Paul-Théophile Coulon', 223, 1),
(298, 'Vel quis ea at dolor.', '2023-10-20', 'Nathalie Diallo', 141, 1),
(299, 'Eaque tempore ea fugiat eum.', '1987-07-18', 'Nicole Blanc-Vallee', 111, 10),
(300, 'Magni et eius autem.', '1993-12-26', 'Alix Loiseau-Maillard', 113, 2),
(301, 'Ut adipisci et aliquam.', '1975-01-30', 'André Brun', 281, 3),
(302, 'Nihil delectus ad quibusdam.', '2010-07-12', 'Henriette-Charlotte Bonnet', 129, 8),
(303, 'Aut cupiditate omnis et.', '2013-03-25', 'Nicolas De Oliveira-Julien', 164, 9),
(304, 'Aut corrupti in quo aut.', '2006-02-28', 'Gérard Perrier', 280, 2),
(305, 'Quis ducimus in molestias.', '1998-03-24', 'Margot Humbert-Teixeira', 204, 4),
(306, 'Et numquam omnis aut.', '2018-04-18', 'Astrid Pottier', 200, 5),
(307, 'Eaque cum amet maiores quis.', '1984-12-07', 'Timothée de la Moreno', 275, 1),
(308, 'Quod iusto maiores optio in.', '1994-06-16', 'Amélie Rousseau', 236, 10),
(309, 'Eaque quaerat et labore.', '1980-04-08', 'Patrick-Daniel Lucas', 124, 8),
(310, 'Magnam ut ab repudiandae.', '1990-08-25', 'Marcel Jacques', 152, 5),
(311, 'Eos ducimus qui sit laborum.', '1979-10-21', 'Julie-Aurore Bouvier', 284, 4),
(312, 'Quis accusamus et cum eaque.', '2011-09-01', 'Simone Fontaine', 199, 6),
(313, 'Ratione ullam vel qui et.', '2017-10-25', 'Louis Deschamps', 170, 7),
(314, 'Est quas ut aut rerum.', '2000-07-17', 'Paul Antoine-Renault', 286, 5),
(315, 'Eligendi quis sequi in iusto.', '1982-12-04', 'Sophie Richard-Jacques', 249, 3),
(316, 'Molestiae sint quia animi in.', '1990-12-13', 'Roland Legrand-Dupuy', 276, 2),
(317, 'Adipisci quo non ex unde.', '1989-02-18', 'Stéphanie-Anne Dias', 131, 9),
(318, 'Hic ab assumenda blanditiis.', '2019-07-11', 'Alain Hoarau', 175, 1),
(319, 'Neque magnam vel ratione in.', '1979-12-27', 'Gilbert Joubert', 113, 6),
(320, 'Amet earum fugit quia.', '1970-05-08', 'Colette-Zoé Leroux', 183, 3),
(321, 'Est dolorum ea iure.', '1998-12-26', 'Aimé Etienne', 250, 6),
(322, 'Debitis id nam expedita.', '1998-11-06', 'Rémy Le Lagarde', 96, 10),
(323, 'Dicta autem sed sequi qui.', '1975-10-07', 'Thierry Pruvost', 160, 1),
(324, 'Odit delectus eius sunt.', '1993-11-13', 'Robert Maurice', 231, 1),
(325, 'In eos quo et sed.', '1990-11-29', 'Hugues Ramos-Da Silva', 289, 6),
(326, 'Quis sequi facere saepe hic.', '2008-06-29', 'Adrienne-Marthe Hebert', 138, 2),
(327, 'Sit mollitia ut aut.', '1975-10-26', 'Augustin de la Roy', 298, 6),
(328, 'Aut hic quo est sit dolor.', '1977-09-24', 'Susan Lelievre', 198, 4),
(329, 'Aut aut non et reiciendis.', '1971-03-17', 'Suzanne Dupont', 235, 7),
(330, 'Rerum sunt sit placeat quia.', '1993-06-20', 'Laurent-Isaac Dias', 133, 8),
(331, 'Totam omnis neque non animi.', '1982-10-31', 'Philippine Lemaitre-Delorme', 263, 2),
(332, 'Fugit non quasi et quis.', '2015-04-04', 'Pauline Delannoy-Peltier', 169, 10),
(333, 'Voluptates id ut harum vero.', '2000-10-29', 'Frédérique Delorme', 240, 3),
(334, 'At nostrum in rerum maxime.', '2006-05-19', 'Aurélie Leroux', 97, 4),
(335, 'Dicta inventore et nemo.', '1986-10-05', 'Laurent Laporte', 264, 1),
(336, 'Soluta non adipisci minima.', '2006-10-09', 'Emmanuel Roux', 218, 5),
(337, 'Est vel dolor incidunt est.', '2007-04-15', 'Alfred Ferreira-Cohen', 189, 1),
(338, 'Et sint velit vel magnam ut.', '2001-06-05', 'Élodie Leduc', 265, 6),
(339, 'Sunt impedit quis vel fugit.', '2007-10-20', 'Louise Renaud', 131, 6),
(340, 'Et nesciunt ea dolor fugit.', '1985-10-07', 'Marie Laroche', 116, 5),
(341, 'Quia aut omnis eius eius.', '2007-05-28', 'Antoine Le Robert', 251, 5),
(342, 'Natus et animi aliquid.', '2004-02-24', 'Éric Clerc', 300, 2),
(343, 'Quod iusto dolor ea maiores.', '1988-04-26', 'Alice Bernard', 134, 1),
(344, 'Quo qui aut dolore officia.', '1976-11-18', 'Jacques-Augustin Mary', 104, 9),
(345, 'Qui id error ab doloremque.', '1983-08-06', 'Christophe de Leblanc', 283, 9),
(346, 'Voluptatem est quaerat ea.', '1990-06-10', 'Madeleine Valette', 99, 8),
(347, 'Et ab neque qui culpa.', '1992-12-26', 'Chantal Meyer', 172, 8),
(348, 'Quisquam ex ut quae impedit.', '2015-07-16', 'Jacqueline Lebrun-Pasquier', 115, 5),
(349, 'Nihil totam neque vero aut.', '1977-10-07', 'Henri Maillot', 264, 7),
(350, 'Corrupti voluptatum unde aut.', '2011-05-21', 'Thierry Valentin', 217, 10),
(351, 'Et aut dolor adipisci.', '2014-05-01', 'Nicolas Millet', 187, 10),
(352, 'Eius eum modi optio quasi.', '1991-12-18', 'Zacharie Auger', 171, 1),
(353, 'Vel est voluptatibus non est.', '1992-08-03', 'Claire Le Turpin', 146, 7),
(354, 'Quasi sint porro ut.', '1990-11-16', 'Olivier Jean', 276, 1),
(355, 'Fuga qui aut nihil ducimus.', '1975-08-06', 'Alice Riviere', 259, 2),
(356, 'Ut dolorem nihil et et.', '2006-11-08', 'Martin de Rolland', 222, 3),
(357, 'Saepe impedit quia tempora.', '2000-03-26', 'Marcel Langlois', 149, 10),
(358, 'Consequatur magni ipsum eos.', '2023-10-10', 'Denise Michaud-Legros', 206, 10),
(359, 'Non sed quidem aperiam.', '1999-10-27', 'Christophe-Auguste Thomas', 280, 3),
(360, 'Eligendi sed sit non rerum.', '1976-07-01', 'Dominique Bailly', 95, 5),
(361, 'Nemo omnis et impedit.', '2012-04-11', 'Franck Nicolas', 201, 5),
(362, 'Occaecati aperiam et qui.', '1984-06-14', 'Marc Denis', 163, 4),
(363, 'Magni doloribus est est et.', '1991-02-27', 'Julie Barbe', 191, 5),
(364, 'Sint rerum et non tempora.', '1977-02-27', 'Susanne Charpentier', 107, 8),
(365, 'Et non omnis quo aperiam.', '1975-10-01', 'Michelle de Masson', 150, 1),
(366, 'Id fuga delectus nemo ab.', '1995-01-03', 'Noémi Jean', 224, 5),
(367, 'Facere quis quos ipsam ut.', '1990-05-04', 'Thomas Laine', 205, 2),
(368, 'Et ut ex et nihil a.', '1978-02-07', 'Éléonore-Victoire Dumas', 225, 2),
(369, 'Sint libero qui ad.', '2007-12-18', 'Charlotte Chevallier-Hamel', 172, 7),
(370, 'Ut qui cum eveniet aperiam.', '2001-07-27', 'Laurent Maury', 223, 3),
(371, 'Inventore harum eum non.', '2011-11-20', 'Isabelle-Noémi Pottier', 188, 4),
(372, 'Qui odit qui nobis.', '1981-09-25', 'Mathilde Perret', 131, 4),
(373, 'Id qui cum modi quia.', '1997-03-26', 'Adrienne Pottier', 131, 3),
(374, 'Error provident in mollitia.', '2012-07-17', 'Nicole-Véronique Le Goff', 105, 5),
(375, 'Illum omnis enim delectus.', '2012-03-17', 'Louise Michel-Mallet', 108, 3),
(376, 'Facilis totam autem est ad.', '1989-10-27', 'François Delattre', 138, 10),
(377, 'Est debitis quo eum.', '1989-11-27', 'Laurent du Mallet', 175, 5),
(378, 'Ab quia maxime laboriosam.', '2015-04-01', 'Jacques Delmas', 234, 9),
(379, 'Eos est perferendis vero.', '2010-07-11', 'Michelle Roux', 299, 10),
(380, 'Minima voluptates in beatae.', '1986-12-17', 'Frédérique Delmas', 166, 8),
(381, 'Nam culpa nisi sunt sit.', '2002-09-09', 'Catherine Guillon-Leclercq', 257, 7),
(382, 'Iusto vel illo fugit atque.', '2008-12-20', 'Bernadette Courtois', 181, 10),
(383, 'Consectetur magni ut ex sint.', '1990-10-22', 'Victoire-Victoire Goncalves', 103, 9),
(384, 'In ea est rerum rerum.', '1991-05-19', 'Camille Salmon-Auger', 260, 8),
(385, 'Autem architecto quod atque.', '1970-08-07', 'Laetitia-Corinne Techer', 90, 7),
(386, 'Quasi rem officia quae qui.', '2023-09-05', 'Grégoire Humbert-Marchal', 234, 7),
(387, 'Eos non amet sunt magnam.', '1994-09-14', 'Gilbert Petitjean-Durand', 114, 7),
(388, 'Corrupti magnam quia commodi.', '1975-12-07', 'Sabine Boulanger', 197, 4),
(389, 'Qui eum non et optio ipsa.', '1983-10-11', 'Susanne-Isabelle Aubert', 185, 5),
(390, 'Cum minima saepe velit.', '1980-12-11', 'Odette Joubert', 132, 8),
(391, 'Velit aut possimus et.', '1994-08-02', 'Philippe Legrand', 296, 6),
(392, 'At quasi delectus quas.', '2001-04-29', 'Émilie Le De Sousa', 277, 3),
(393, 'Harum ex et qui dolor unde.', '1977-08-21', 'Bernadette Martinez', 194, 10),
(394, 'Occaecati unde quis eos.', '1986-09-18', 'Alex Maillet', 244, 9),
(395, 'Ut et aut nihil vero.', '2016-04-10', 'Aimée Bertin', 117, 3),
(396, 'Ut possimus qui aut nulla.', '1986-02-24', 'Joséphine David-Fouquet', 167, 7),
(397, 'Sed odio ab quos dicta.', '1987-07-20', 'Maurice Descamps', 298, 3),
(398, 'Libero et aliquam ut esse.', '2020-06-14', 'Georges Lecoq-Fabre', 281, 3),
(399, 'Sunt aut est non esse soluta.', '2011-11-06', 'Odette Launay', 95, 3),
(400, 'Ad est vero vero cum omnis.', '1984-09-18', 'Capucine Le Pasquier', 261, 5),
(401, 'Ad et officia id et.', '2011-10-16', 'Isabelle Pottier', 260, 2),
(402, 'Debitis fugit nam vitae est.', '1974-12-29', 'Aurore Joseph', 270, 7),
(403, 'Dolores aut ad provident.', '2018-11-11', 'Matthieu Da Costa', 214, 2),
(404, 'Inventore unde est ut et.', '2003-09-18', 'Alfred-Gérard Breton', 127, 6),
(405, 'Voluptas deserunt quam sit.', '1978-11-17', 'Anouk Le Gimenez', 164, 5),
(406, 'Est et vel repellat et qui.', '1989-10-24', 'Louise Salmon', 163, 10),
(407, 'Ipsa odio at aut ducimus qui.', '1971-01-24', 'Alex-Adélaïde Texier', 193, 2),
(408, 'Et et dolorem quidem.', '2015-11-19', 'Odette du Pereira', 140, 7),
(409, 'Rerum et id aut tempore.', '1975-03-01', 'Geneviève Rousset', 273, 8),
(410, 'Nemo est ut architecto sunt.', '1970-05-04', 'Margaud Chevalier', 129, 10),
(411, 'Eos praesentium omnis et.', '1973-11-13', 'Martine Le Bouvet', 135, 7),
(412, 'Accusamus in explicabo earum.', '2009-01-30', 'Jacques Hamel', 197, 6),
(413, 'Ut debitis provident est ad.', '2009-10-16', 'Dominique-Auguste Lenoir', 251, 2),
(414, 'Sed sed ex quas.', '1995-09-07', 'Aurore Leroy', 241, 4),
(415, 'Sed voluptatum earum sit est.', '1981-12-11', 'Claudine De Oliveira-Joubert', 287, 4),
(416, 'Incidunt maxime id labore.', '2023-09-20', 'Joseph de la Langlois', 174, 3),
(417, 'Quas quo nam ut ad quibusdam.', '2019-07-22', 'Marc Dumont', 264, 4),
(418, 'Sunt sint dolore cum culpa.', '1975-11-22', 'Robert Devaux', 142, 10),
(419, 'Eius aut vero eum totam est.', '2006-03-02', 'Geneviève Valette', 197, 2),
(420, 'Rerum illo aut aut odio eius.', '2006-10-30', 'Alex Jacques', 276, 6),
(421, 'Explicabo amet velit quo vel.', '2010-01-03', 'Roger du Dias', 177, 9),
(422, 'Magnam nemo velit in sunt.', '2010-04-13', 'Céline Lejeune', 252, 1),
(423, 'Vero fuga quod eum sed.', '1999-03-02', 'Joséphine Weber', 101, 8),
(424, 'Et et voluptatem doloremque.', '1989-07-20', 'Alfred Hubert', 286, 3),
(425, 'Sint nam aut repudiandae.', '1980-05-30', 'Émilie-Charlotte Salmon', 155, 2),
(426, 'Cum quas commodi vel eum.', '2011-10-12', 'Claire Bonnet-Mary', 93, 6),
(427, 'Eaque saepe doloribus sint.', '1970-03-24', 'Arthur Petitjean-Lebreton', 291, 2),
(428, 'Cupiditate eos veniam et.', '1990-04-26', 'Alfred Lagarde', 172, 3),
(429, 'Velit sit deserunt animi.', '1995-08-16', 'Thierry Ferreira', 185, 1),
(430, 'Modi aut enim id.', '2016-10-01', 'Louis Valentin', 222, 9),
(431, 'Non est et et eligendi.', '1997-07-07', 'Charlotte Charrier', 226, 8),
(432, 'Et sed iusto quo repellat.', '2009-07-16', 'Guy Jacquet-Legendre', 230, 10),
(433, 'Qui quis quod soluta in.', '2023-08-31', 'Emmanuelle Da Silva', 259, 9),
(434, 'Et minus ut ut fuga sapiente.', '1983-04-11', 'Bertrand Guichard', 237, 1),
(435, 'Quis quae unde odit.', '1971-07-01', 'Audrey Barbier', 205, 3),
(436, 'Nisi est repellat non nobis.', '1988-06-20', 'François Le Jean', 110, 3),
(437, 'Sint officiis autem vero.', '2003-09-07', 'Aimé Petit', 252, 10),
(438, 'Eos molestiae libero velit.', '1991-07-20', 'Marianne-Pauline Daniel', 287, 7),
(439, 'Optio quo velit eum placeat.', '1982-04-28', 'Nath Levy', 271, 8),
(440, 'Aut expedita nihil natus.', '2005-05-19', 'Henriette Leblanc', 247, 8),
(441, 'Neque magni dolore et sequi.', '1976-08-04', 'Antoinette Paris', 173, 7),
(442, 'Consequatur et nobis id.', '1977-03-10', 'Stéphane Klein', 292, 4),
(443, 'Nesciunt fugiat et aut ex ad.', '2023-12-05', 'Océane Lamy', 113, 1),
(444, 'Sit itaque consectetur et.', '2023-05-10', 'Denise Blanc', 203, 3),
(445, 'Est et quibusdam eaque rerum.', '2011-07-12', 'Jeanne Munoz-Nguyen', 292, 1),
(446, 'Fugit debitis sit rerum vel.', '1979-03-21', 'René Leconte', 145, 6),
(447, 'Excepturi et odio voluptatem.', '1980-09-25', 'Maggie Gaillard', 163, 6),
(448, 'Ea amet beatae odit sit.', '1990-10-10', 'Jérôme Bousquet', 279, 6),
(449, 'Eum quas quasi sunt.', '2023-02-10', 'Véronique Ramos', 263, 3),
(450, 'Qui labore optio odit ut.', '2012-08-23', 'Julien Launay', 242, 2),
(451, 'Qui laboriosam et quod saepe.', '2005-04-10', 'Laetitia Labbe', 171, 10),
(452, 'Sunt nulla in natus cum.', '1972-10-26', 'Claudine Buisson', 231, 1),
(453, 'Similique atque neque qui ea.', '1981-05-11', 'Suzanne de la Thierry', 113, 9),
(454, 'Id quasi suscipit sit aut.', '1970-08-29', 'Léon Auger', 193, 1),
(455, 'At neque consequatur tenetur.', '1994-12-03', 'Alexandre Pons', 94, 8),
(456, 'Voluptas iure aut enim.', '2017-09-04', 'Michel Mallet-Brun', 196, 7),
(457, 'Sint dolorem voluptate nihil.', '1998-07-17', 'Michelle Charrier', 135, 2),
(458, 'Ut dolorem fuga voluptate.', '2016-12-01', 'William-Léon Klein', 178, 10),
(459, 'Ea in unde itaque dolore.', '1984-11-14', 'Thibaut Bazin', 188, 7),
(460, 'Illo unde vel dolore.', '1982-11-20', 'Danielle Roy', 164, 4),
(461, 'Voluptas aut non ipsum.', '1985-05-07', 'Brigitte Normand', 109, 1),
(462, 'Voluptates tenetur quos eum.', '1980-02-25', 'Isaac-Olivier Collin', 110, 10),
(463, 'Vel eius nemo cum.', '2001-05-07', 'Isabelle Colin', 215, 7),
(464, 'Ut et qui et.', '1984-12-26', 'Thibaut Le Gonzalez', 155, 3),
(465, 'Tenetur ut iure corrupti.', '1986-07-16', 'Patricia Le Delahaye', 291, 5),
(466, 'Rem neque ut qui eum.', '1973-07-18', 'Dorothée Begue-Deschamps', 201, 3),
(467, 'Suscipit non aspernatur et.', '1982-06-14', 'Lorraine Marchand', 95, 6),
(468, 'Modi et ut impedit.', '2006-05-31', 'Jeanne Prevost', 241, 10),
(469, 'Eum dolores nemo repudiandae.', '2001-09-25', 'Antoine Olivier', 91, 3),
(470, 'Quis dicta eum ea in labore.', '2003-12-25', 'Adrien Renault-Moulin', 235, 6),
(471, 'Non architecto earum ut ut.', '2013-12-21', 'Franck Blanchet', 263, 10),
(472, 'Et velit culpa numquam et.', '1981-05-31', 'Hugues Gros', 278, 6),
(473, 'Nulla ut vel qui a.', '2000-07-21', 'Louise Delorme', 297, 2),
(474, 'Saepe tenetur ut iusto.', '2000-11-19', 'Robert de Menard', 221, 6),
(475, 'Nulla et consectetur vel qui.', '1977-12-16', 'Geneviève Le Rousseau', 245, 5),
(476, 'Saepe eum sunt ad eum.', '1992-04-27', 'Thomas Delattre', 296, 4),
(477, 'Cumque unde porro inventore.', '1985-09-03', 'Honoré de la Ollivier', 93, 5),
(478, 'Et nulla explicabo pariatur.', '1978-03-17', 'Marie Auger', 214, 10),
(479, 'Eos eum odit neque sed.', '1998-07-27', 'Alexandrie-Adèle Perrot', 286, 1),
(480, 'Nihil sunt enim et vel.', '2003-05-07', 'Joseph Gautier', 245, 9),
(481, 'Velit quisquam placeat minus.', '2013-01-04', 'Adrienne Blot', 296, 2),
(482, 'Vel quis quia placeat quo.', '1995-03-29', 'Marcelle-Nathalie Renault', 299, 10),
(483, 'Quia et quas et id.', '1988-10-15', 'Clémence Robin', 96, 8),
(484, 'Et corrupti in dicta saepe.', '1978-03-28', 'Adélaïde-Sylvie Guibert', 171, 3),
(485, 'Et et cumque ut aperiam.', '1982-06-29', 'Léon Marie', 205, 7),
(486, 'Odit qui et et occaecati.', '1986-04-29', 'André Bouvier-Dupont', 280, 4),
(487, 'Et alias et temporibus omnis.', '1990-08-30', 'Emmanuelle Vallet', 106, 7),
(488, 'Et sint sed possimus ea.', '2007-04-07', 'Théophile Menard', 245, 7),
(489, 'Nam magni quo eveniet.', '2002-11-23', 'Émile-Vincent Leroy', 187, 2),
(490, 'Fugit aut saepe quo.', '1996-04-13', 'Marguerite Hebert', 101, 8),
(491, 'In harum iste aut itaque.', '1982-12-02', 'Claude Garcia', 262, 2),
(492, 'Sit et in odio quia.', '2007-12-28', 'Matthieu Mace', 220, 7),
(493, 'Sed quia ducimus deserunt.', '1985-03-24', 'Sabine de la Lemaire', 134, 4),
(494, 'Nisi quasi magni modi.', '1977-02-28', 'Léon Charrier', 290, 6),
(495, 'Quo cumque voluptatum a.', '1988-06-21', 'Joséphine de la Riou', 119, 7),
(496, 'Consequatur voluptas et nam.', '1970-10-16', 'Roger de la Verdier', 120, 8),
(497, 'Velit nam et fugit a.', '2017-06-04', 'Claude Tessier', 250, 7),
(498, 'Eos earum molestias qui.', '2019-06-11', 'Nicole Fournier', 91, 7),
(499, 'Quae nemo nemo animi dolore.', '1988-12-28', 'Eugène Petit', 295, 8),
(500, 'Cupiditate autem ut ea.', '2024-03-08', 'Marianne Legendre', 277, 5),
(501, 'Et quia vitae ullam sed sunt.', '1993-08-18', 'Emmanuelle Lefebvre', 289, 5),
(502, 'Corporis dolore ab fuga sed.', '2023-10-14', 'Guillaume Lemoine-Sanchez', 185, 9),
(503, 'Est neque qui ipsum.', '1999-10-30', 'Michelle Boucher-Lopes', 152, 6),
(504, 'Incidunt qui aperiam ab quam.', '2002-04-21', 'Catherine Picard', 96, 6),
(505, 'Quam sit dolor ut.', '2019-08-30', 'Philippine du Leger', 140, 3),
(506, 'Totam id provident deleniti.', '1976-08-05', 'Hugues Allard-Guillet', 128, 8),
(507, 'Maxime optio eius ex aut.', '1991-04-26', 'Lucy Guillet', 242, 10),
(508, 'Vitae consequatur tenetur et.', '2004-06-02', 'Théodore Raymond-Chevalier', 146, 9),
(509, 'Id delectus impedit dolor.', '2002-07-22', 'Aimée Besnard', 211, 8),
(510, 'Consequuntur aut aperiam est.', '1979-01-20', 'Édith Legros', 123, 6),
(511, 'Impedit eius neque porro.', '2016-11-05', 'Alexandria Jean-David', 273, 3),
(512, 'Tempore a qui hic possimus.', '2007-04-30', 'Patricia Maury', 109, 9),
(513, 'Sit qui quis et non.', '1989-02-18', 'Hortense Ollivier', 236, 8),
(514, 'Eos quaerat et aut nesciunt.', '1996-10-24', 'Édouard Maillard', 122, 3),
(515, 'Aut veniam quo eum et quo.', '1975-07-02', 'Jacqueline Jacob', 104, 4),
(516, 'Et facere fugiat hic ut et.', '1978-05-04', 'Chantal Gilbert', 277, 2),
(517, 'Maiores est quia vitae.', '1989-11-10', 'Suzanne Jacquet', 222, 7),
(518, 'Beatae perferendis est in et.', '1991-06-05', 'Lucie du Hamel', 96, 7),
(519, 'Ut adipisci non animi non in.', '1986-07-10', 'Timothée du Bouchet', 261, 6),
(520, 'Quam explicabo aut est vel.', '2018-09-27', 'Bertrand du Le Roux', 91, 6),
(521, 'Quas esse aliquam et itaque.', '2000-11-02', 'Christelle Rousseau', 195, 3),
(522, 'Et tempora aspernatur minus.', '2003-08-28', 'Augustin Bertin', 242, 4),
(523, 'Dolorem repellat est ab quod.', '1995-02-06', 'Julie De Sousa', 176, 2),
(524, 'Ea omnis enim et et nesciunt.', '1977-02-17', 'Nathalie Brunel-Briand', 156, 8),
(525, 'Esse hic nam facere.', '1983-12-28', 'Nathalie Martins', 246, 5),
(526, 'Quisquam vel et et ab est.', '2001-06-29', 'Matthieu Hebert', 98, 1),
(527, 'Quae ut ad dicta beatae.', '1996-09-08', 'Sophie-Zoé Blin', 283, 3),
(528, 'Quidem a et dolor et.', '1985-04-23', 'Charlotte Diallo', 249, 4),
(529, 'Et neque sit quo.', '2022-02-13', 'daisy-Margaud Pierre', 285, 5),
(530, 'Labore qui expedita minima.', '2005-12-29', 'Yves Levy', 143, 2),
(531, 'Vel quo tenetur hic.', '1981-11-20', 'Stéphanie Maury', 296, 4),
(532, 'Incidunt autem sunt enim aut.', '1992-10-10', 'Mathilde de Mace', 192, 1),
(533, 'Quo id nam eaque vitae quia.', '1977-03-31', 'Louis-Jean Herve', 107, 4),
(534, 'Qui eos et fugiat minima.', '1997-04-01', 'Constance Langlois', 251, 8),
(535, 'Inventore pariatur et et.', '2018-07-20', 'Christiane Weiss', 210, 9),
(536, 'Deleniti fuga et a earum.', '1994-01-22', 'Laetitia Didier', 273, 2),
(537, 'Cum reiciendis ipsa id saepe.', '2014-03-24', 'Odette Levy', 245, 2),
(538, 'Et voluptates est sed.', '1992-01-30', 'Nath de la Paul', 204, 6),
(539, 'Eos explicabo veniam id.', '1998-01-26', 'Charlotte Thibault-Dubois', 253, 8),
(540, 'Id id sit perspiciatis magni.', '1975-11-15', 'Adrien Guillot-Launay', 292, 10),
(541, 'Est aut beatae error ad et.', '1973-03-27', 'René Bousquet', 95, 2),
(542, 'Et atque vel ipsum molestias.', '2006-05-27', 'Astrid Vallee', 183, 9),
(543, 'Praesentium ab odit commodi.', '1974-08-24', 'Marcel Coste', 267, 10),
(544, 'Provident eum id culpa fugit.', '1994-08-13', 'Isaac Remy', 155, 4),
(545, 'Quia sequi ab aperiam.', '2000-05-07', 'Hugues Lamy', 118, 10),
(546, 'Eius ab nisi corrupti.', '1997-12-12', 'Andrée Muller', 144, 9),
(547, 'Est qui quidem quam soluta.', '2020-05-16', 'Marine Robin', 94, 3),
(548, 'Ea eligendi quos quas ea.', '1993-02-14', 'Michel de Dupre', 231, 2),
(549, 'Dolores perferendis et omnis.', '1985-01-12', 'Jeanne-Marine Bigot', 289, 10),
(550, 'Nisi voluptatem nobis in.', '2001-06-14', 'Robert Potier', 182, 3),
(551, 'Et doloremque voluptas nihil.', '2024-03-11', 'Marc Bonnin', 230, 7),
(552, 'Veniam a ab minima rerum.', '1995-05-05', 'Georges de Boyer', 184, 9),
(553, 'Ducimus numquam illum et.', '2005-06-22', 'Patricia Rousset', 104, 4),
(554, 'Dolor asperiores aut ipsam.', '2001-05-24', 'Marcelle Andre', 122, 8),
(555, 'Omnis et et illum tempora.', '1987-09-13', 'Luc Petit', 196, 10),
(556, 'Animi voluptatem soluta odit.', '2010-04-10', 'Claude Aubry', 287, 8),
(557, 'Illum error id est aut.', '1986-09-02', 'Amélie Roux-Peron', 267, 6),
(558, 'Dolores suscipit facere qui.', '2010-11-26', 'François Blot', 166, 8),
(559, 'Placeat odit minima neque.', '2014-04-17', 'Matthieu Sauvage', 116, 4),
(560, 'Voluptatum ipsum nemo aut.', '1996-08-10', 'Geneviève Gosselin', 250, 9),
(561, 'Ea debitis ipsum eligendi.', '1991-04-05', 'Pierre Masse', 133, 1),
(562, 'Totam et illo qui ratione ex.', '2009-09-03', 'Dominique-Danielle Begue', 258, 2),
(563, 'Quidem sit ea quaerat.', '2006-11-17', 'Adrien Marques', 137, 10),
(564, 'Id sequi numquam qui quam.', '1985-06-05', 'Brigitte du Delattre', 98, 4),
(565, 'Est magnam error laudantium.', '2004-03-30', 'Rémy Bazin', 249, 2),
(566, 'Odio et dolorum dolores.', '2019-10-20', 'Benjamin Charpentier', 128, 4),
(567, 'A sed et officia cumque.', '1975-03-05', 'Adrien de Carre', 119, 10),
(568, 'Cupiditate non sed iure et.', '1987-05-28', 'Roger Perez', 112, 10),
(569, 'Est rerum enim quisquam esse.', '2016-05-02', 'Laurence Fernandez', 222, 2),
(570, 'Quo commodi est nisi.', '1986-01-23', 'Aurore-Alix Neveu', 269, 10),
(571, 'In quisquam optio enim.', '2013-09-22', 'Timothée Da Silva', 245, 1),
(572, 'Quas dolorum vero ut.', '2008-12-26', 'Alexandrie Diaz', 237, 6),
(573, 'Commodi aut nobis vel.', '2008-04-14', 'Clémence Monnier', 169, 5),
(574, 'Et sed dolor non assumenda.', '2006-09-03', 'Arthur-Timothée Ramos', 267, 7),
(575, 'Cum ut est et sit iusto quia.', '1983-08-05', 'Michel Humbert', 259, 10),
(576, 'Unde sit quis perspiciatis.', '1974-07-10', 'Margaux-Virginie Guillon', 103, 1),
(577, 'Aut aut ut sint ut.', '2005-04-02', 'Antoine Rolland', 267, 9),
(578, 'Et ut non hic excepturi.', '1991-03-29', 'Bertrand Roger', 193, 5),
(579, 'Aliquid aut non eum non.', '2011-02-16', 'Alain Leduc', 162, 6),
(580, 'Labore distinctio vero earum.', '2011-08-04', 'Claire Pichon', 273, 6),
(581, 'Eveniet ad eos aut.', '2008-03-18', 'Hélène Samson', 136, 1),
(582, 'Rem ut aperiam autem.', '1983-08-18', 'Françoise Andre-Carpentier', 224, 6),
(583, 'Vero ipsa nihil quo dolorem.', '1988-09-09', 'Alex-Édith Moreau', 202, 6),
(584, 'Soluta expedita est odio qui.', '2002-10-22', 'Guy-Bernard Roger', 298, 5),
(585, 'Sit autem quo id eum dolore.', '1991-03-06', 'Stéphane-Aimé Lacombe', 197, 2),
(586, 'Et rem quia quidem alias.', '2009-10-25', 'Julie Pineau', 186, 4),
(587, 'Earum magnam et sunt commodi.', '1978-10-21', 'Édouard de la Faure', 139, 1),
(588, 'Placeat recusandae ut id.', '1995-06-05', 'Tristan Blondel', 215, 2),
(589, 'Id aut labore doloribus.', '2005-06-21', 'Maggie du Deschamps', 236, 6),
(590, 'Vero sequi earum qui tenetur.', '1996-05-13', 'Gilles Robin', 135, 8),
(591, 'Ut illo ratione aliquam.', '2008-08-16', 'Julien-Noël Lagarde', 223, 1),
(592, 'Fugiat velit quasi nesciunt.', '1999-05-30', 'Danielle Turpin', 283, 6),
(593, 'Et eos sit unde ut.', '1983-05-19', 'Joséphine Blot-Weber', 200, 3),
(594, 'Quia iste et quisquam.', '1972-11-01', 'Christophe Bonnet-Peltier', 148, 7),
(595, 'Porro vel quisquam harum.', '1997-02-09', 'Clémence Morel', 190, 7),
(596, 'Eum commodi vitae autem sit.', '1979-04-11', 'Alex de Benard', 212, 4),
(597, 'Ut consectetur nam veniam.', '1973-10-05', 'Margaret-Édith Legendre', 259, 5),
(598, 'Optio omnis rerum vel ullam.', '2005-11-22', 'Thibault Alexandre', 260, 9),
(599, 'A optio qui quidem sint et.', '1984-09-08', 'Marc-William Buisson', 249, 3),
(600, 'Rem qui ab dolor cum est.', '2000-01-11', 'Victoire Charles', 187, 8),
(601, 'Ea qui in id totam.', '1978-10-31', 'Stéphanie-Bernadette Bernier', 237, 3),
(602, 'Nam aut porro eos.', '1976-11-28', 'Émilie Gerard', 102, 7),
(603, 'Ut et nihil vero est.', '2010-09-18', 'Bernard-David Bodin', 201, 10),
(604, 'Quae eum nostrum tempore.', '2015-09-07', 'Virginie Guillon', 135, 2),
(605, 'Rerum placeat rerum at.', '2004-12-17', 'Tristan Hamon', 121, 8),
(606, 'Nihil tempore quis est.', '2020-03-15', 'Arthur de Noel', 131, 4),
(607, 'Et qui esse ipsum a unde.', '2012-01-20', 'Christophe Blanchet-Descamps', 297, 2),
(608, 'Eveniet qui iure eos quis.', '1997-04-22', 'Anastasie-Zoé Verdier', 121, 8),
(609, 'Autem eum et cum eligendi.', '2003-05-04', 'Bertrand Hardy', 211, 1),
(610, 'Dolores sunt qui aperiam et.', '2017-07-26', 'Nicolas Richard', 289, 9),
(611, 'Esse unde est et inventore.', '1974-02-22', 'Nathalie Couturier', 247, 8),
(612, 'Facilis qui sed non aliquam.', '1996-05-11', 'Olivie Lagarde', 243, 4),
(613, 'Sint ad omnis modi placeat.', '1985-01-30', 'Camille Legendre', 227, 2),
(614, 'Asperiores vel sequi ipsam.', '1993-03-06', 'Michelle Auger', 299, 4),
(615, 'Optio minima enim dolorem.', '1978-06-14', 'Françoise-Dorothée Marie', 158, 5),
(616, 'Expedita quia eum rerum.', '1988-04-04', 'Anastasie Descamps', 174, 9),
(617, 'Magni quibusdam impedit illo.', '2024-03-05', 'Émile Martel', 190, 6),
(618, 'Ducimus amet est nisi vel.', '2007-09-20', 'Richard Langlois', 182, 5),
(619, 'Quod iure qui rerum aperiam.', '2020-12-21', 'Dominique Paul', 204, 6),
(620, 'Dolor itaque magnam in quod.', '2021-09-24', 'Richard Morvan', 262, 6),
(621, 'Sequi totam tenetur et.', '2015-07-09', 'Émile Fabre', 231, 2),
(622, 'Ut quae omnis hic.', '2017-05-19', 'Henriette Lagarde', 148, 9),
(623, 'Quibusdam natus et aut.', '2007-04-25', 'Noël Le Pascal', 183, 7),
(624, 'Debitis quasi ut fuga qui.', '2011-09-14', 'Julien Rolland', 147, 10),
(625, 'Quidem non ut eum sed.', '2019-12-30', 'Thomas Cousin', 177, 2),
(626, 'Facere mollitia neque aut.', '1986-12-05', 'François Renard', 91, 10),
(627, 'Officia et rerum qui sit.', '1983-03-15', 'Laure de la Paul', 282, 2),
(628, 'Ut at perferendis laborum at.', '2002-09-16', 'Étienne Lecoq', 132, 5),
(629, 'Vel et nobis a labore.', '2013-04-27', 'Emmanuel-Roland Perret', 246, 4),
(630, 'Nisi aut iure dolor voluptas.', '2018-12-11', 'Alix Marion', 153, 4),
(631, 'Dicta aut vitae vero et.', '2002-01-04', 'Margot Lecoq', 199, 3),
(632, 'Sint at totam ea.', '1984-08-17', 'Jules-Étienne Cousin', 236, 5),
(633, 'Et molestias placeat qui.', '1982-08-21', 'Nath Toussaint', 143, 8),
(634, 'Deleniti quos doloribus ab.', '1974-08-09', 'Catherine Samson-Martins', 207, 6),
(635, 'Culpa et est quisquam qui.', '2007-08-23', 'Anne Le Vallet', 246, 10),
(636, 'Atque omnis asperiores eos.', '2000-11-21', 'Luc Gilbert', 229, 1),
(637, 'Quo aperiam blanditiis qui.', '1998-08-24', 'Denise Le Gall', 214, 4),
(638, 'Eum qui eligendi quam quia.', '2015-04-24', 'Patrick Dubois-Girard', 243, 3),
(639, 'Esse ut voluptatem impedit.', '2016-02-02', 'Célina Gay', 123, 6),
(640, 'Nulla vel harum dolores.', '2001-05-19', 'Véronique Bigot', 96, 1),
(641, 'Maxime doloremque quam et.', '2014-04-12', 'Arthur Regnier', 160, 3),
(642, 'Dolores sunt officiis quidem.', '1998-08-02', 'Olivie Barre', 95, 9),
(643, 'Dolorem unde est et.', '1972-06-04', 'Raymond Renard', 122, 1),
(644, 'Rerum et ut dolores sit.', '2013-05-31', 'Diane Laine', 266, 3),
(645, 'Quia est incidunt eum qui.', '1971-09-05', 'Susanne Blanchard', 130, 5),
(646, 'Voluptatem aut quia fugiat.', '1996-01-19', 'Gabrielle de la Baudry', 172, 2),
(647, 'Et commodi quis ipsam magnam.', '2016-03-02', 'Martin Michaud', 261, 10),
(648, 'Sunt cum occaecati sit.', '2002-02-11', 'Michel Delahaye', 253, 2),
(649, 'Provident atque qui omnis id.', '2019-05-15', 'Vincent Benoit-Maury', 224, 10);
INSERT INTO `track` (`id_track`, `name_track`, `year_track`, `author_name_track`, `duration_track`, `id_type`) VALUES
(650, 'Cum ex itaque corporis.', '1989-08-31', 'Inès Noel', 265, 5),
(651, 'Cum quia eaque velit nulla.', '1984-09-15', 'Antoine Leclercq', 106, 10),
(652, 'Velit ut id omnis sapiente.', '1998-02-07', 'Olivie de Thibault', 136, 8),
(653, 'Non aut in hic odit.', '1993-08-27', 'Eugène Grondin-Peron', 152, 7),
(654, 'Consectetur qui et velit.', '1993-10-26', 'William Couturier', 210, 3),
(655, 'Aut aliquam quasi enim magni.', '2021-01-18', 'Céline de la Costa', 266, 9),
(656, 'Velit eos eaque expedita.', '2012-04-06', 'Nath-Luce Goncalves', 293, 1),
(657, 'Asperiores unde et illo.', '1985-11-27', 'Élisabeth Pinto-Turpin', 252, 2),
(658, 'Sit maxime aut quasi.', '2016-09-02', 'Gérard Labbe', 270, 6),
(659, 'Ea debitis aut adipisci.', '1983-07-01', 'Patricia Dijoux-Cordier', 215, 10),
(660, 'Fuga suscipit hic aut.', '1997-07-24', 'Maryse Ramos', 98, 2),
(661, 'Labore voluptas et et.', '2000-11-18', 'Zacharie-Alain Boucher', 127, 7),
(662, 'Pariatur enim quam sed saepe.', '1980-01-31', 'Éléonore Hamon', 127, 1),
(663, 'Nihil veritatis eius quae.', '1987-10-01', 'Théophile Chevalier-Besnard', 124, 7),
(664, 'Sed rem eius dolor sint.', '1982-09-27', 'Thierry Lecomte', 122, 8),
(665, 'Qui enim debitis deserunt.', '1986-02-20', 'Xavier-Frédéric Georges', 277, 5),
(666, 'Aut et ut quidem impedit.', '1974-10-17', 'Astrid Dufour', 270, 7),
(667, 'Est ab quia ea.', '1975-12-11', 'Noémi Jacob', 188, 10),
(668, 'At et molestias accusantium.', '2018-08-30', 'Daniel-Alexandre Colin', 165, 4),
(669, 'Quis sint sunt ab quis aut.', '2004-11-29', 'Honoré Garnier', 245, 8),
(670, 'Cumque quis nulla veniam sit.', '1998-09-04', 'Théophile-Timothée Maury', 176, 3),
(671, 'Fuga qui fugiat qui.', '2008-03-16', 'Georges Carre-Fernandes', 102, 5),
(672, 'Rem id at et enim.', '2007-08-21', 'Émilie de Maillard', 142, 4),
(673, 'Quidem natus in omnis enim.', '2002-08-17', 'David Jacquot', 206, 5),
(674, 'Quidem debitis et velit et.', '1989-09-28', 'Jacques Chartier', 158, 2),
(675, 'Sint ea et minima laborum.', '1987-03-02', 'Alice Lemoine', 98, 2),
(676, 'Saepe pariatur eos ea nulla.', '2011-10-06', 'Honoré Noel', 247, 1),
(677, 'Deserunt culpa fugit et enim.', '1973-03-23', 'Philippe-Sébastien Rousset', 261, 5),
(678, 'Et fuga non commodi eum.', '1986-01-15', 'Madeleine-Clémence Charrier', 177, 8),
(679, 'Ea et sunt autem iure eaque.', '1996-10-26', 'Marguerite Mace-Allain', 91, 2),
(680, 'Nam et placeat et non.', '2014-09-13', 'Matthieu-Victor Guibert', 128, 6),
(681, 'Est earum iusto vitae.', '2019-08-19', 'Patrick Martinez-Vidal', 275, 3),
(682, 'Et ad sunt ut ut molestias.', '2003-04-24', 'Philippe de Nicolas', 264, 5),
(683, 'Rerum et aut vel facere.', '1976-08-26', 'Frédéric Delannoy', 121, 1),
(684, 'Est et rem ea non.', '1984-03-30', 'Michelle Leleu', 244, 5),
(685, 'Sed qui aliquam vel enim.', '2005-11-18', 'Thomas Fabre', 293, 9),
(686, 'Eius qui asperiores fuga.', '1992-12-05', 'Noémi Legendre', 160, 1),
(687, 'Enim delectus beatae non et.', '1970-05-01', 'Pauline Louis', 274, 2),
(688, 'Ad aut beatae rerum qui.', '1977-05-08', 'Alix Lefebvre', 141, 10),
(689, 'At dolore et facilis.', '1970-01-09', 'Christiane Briand', 151, 1),
(690, 'Quam commodi id id enim.', '2018-09-16', 'Augustin Perrin-Diallo', 288, 8),
(691, 'Et debitis at dolorum.', '1975-04-14', 'Sabine Seguin-Sauvage', 149, 1),
(692, 'Illum tenetur ex quaerat aut.', '2019-07-01', 'Théophile Masson', 258, 1),
(693, 'Adipisci at dicta adipisci.', '1985-10-09', 'Camille Charpentier', 137, 7),
(694, 'Non aut ad sint consequatur.', '2012-07-19', 'Thomas Gosselin', 258, 10),
(695, 'Fuga blanditiis at dolore.', '1987-12-14', 'Léon Dias', 152, 3),
(696, 'Labore a iure qui.', '1982-04-27', 'Valentine Mathieu', 188, 7),
(697, 'Autem quia unde sed vel.', '1981-09-15', 'Adèle Loiseau', 117, 10),
(698, 'Quasi eligendi ut unde.', '1990-05-25', 'Madeleine Blanchard-Adam', 184, 4),
(699, 'Minima dolorem impedit quae.', '2002-05-29', 'Élise-Aurore Hardy', 167, 1),
(700, 'Quo quia ex qui quo.', '2006-07-07', 'François Lacombe', 169, 1),
(701, 'Est laudantium esse alias.', '1997-08-25', 'Grégoire Paris', 289, 7),
(702, 'Ex in aut aliquid.', '2014-05-01', 'Margaud Verdier', 288, 7),
(703, 'Et dolorem in aliquid.', '2023-04-26', 'François Bruneau', 272, 8),
(704, 'Expedita et doloribus qui at.', '1995-07-09', 'Éric de la Letellier', 283, 6),
(705, 'Ea hic possimus sint quia.', '1999-09-10', 'Lorraine Schneider-Nguyen', 207, 3),
(706, 'Omnis ab aliquid veniam.', '2021-08-08', 'Lucas Faivre', 155, 9),
(707, 'Pariatur eius et magnam at.', '2000-01-09', 'Auguste Gomez', 125, 1),
(708, 'Quo dolorem ducimus sunt.', '1984-06-25', 'Émile-Alain Aubert', 186, 6),
(709, 'Tempore ea labore animi illo.', '1990-09-29', 'Madeleine Le Chauveau', 268, 10),
(710, 'Quia mollitia natus sapiente.', '2001-03-20', 'Margaux Hamon', 121, 7),
(711, 'Qui deserunt facilis eos.', '2010-04-30', 'Émile de Grondin', 230, 10),
(712, 'Et sequi ipsam eos sed.', '1982-06-15', 'Gérard Peltier', 201, 10),
(713, 'Rem maiores odit sunt optio.', '1972-03-07', 'Adélaïde Faivre', 113, 5),
(714, 'Dolor illo omnis libero.', '2008-02-21', 'Honoré-Matthieu Dupre', 186, 6),
(715, 'Totam sit cumque aut et.', '1983-03-13', 'Léon Mahe-Hamon', 197, 3),
(716, 'Enim nemo vel enim laborum.', '1995-07-27', 'Marianne Girard', 268, 4),
(717, 'Neque maxime quam et fuga.', '2022-06-06', 'Michelle Vincent', 108, 5),
(718, 'Neque aut omnis aut ipsam.', '2008-05-08', 'Franck-Thibaut Martinez', 98, 7),
(719, 'A in reprehenderit quia.', '2023-09-18', 'Émilie Grondin', 154, 6),
(720, 'Quis nemo optio aut.', '1993-05-09', 'Emmanuel Hebert', 176, 9),
(721, 'Qui ut sit enim aut ea.', '2005-12-12', 'Henriette Rousset-Weiss', 141, 7),
(722, 'Omnis rerum omnis ducimus et.', '2016-01-27', 'Arnaude Marchand', 247, 4),
(723, 'Ea quia officia officia.', '1988-03-10', 'Paul Mace', 260, 3),
(724, 'Cupiditate quia velit quo id.', '1971-10-12', 'Vincent Thibault', 91, 5),
(725, 'Aut expedita fuga ea.', '2017-02-26', 'Marcel-Georges Lombard', 299, 1),
(726, 'Aliquam tenetur ut rerum.', '1988-06-08', 'Constance Chartier', 181, 6),
(727, 'Et eum at et a et.', '2008-04-20', 'Gilbert Thomas', 293, 6),
(728, 'Ea autem et natus dolores.', '1970-03-21', 'Odette Marechal', 218, 8),
(729, 'Autem maiores at nulla rerum.', '2021-02-06', 'Édouard Didier', 167, 9),
(730, 'Sit et ipsa vel et.', '1998-05-03', 'Alexandria-Clémence Lopes', 243, 4),
(731, 'Nam rem sed nisi a nisi vel.', '1980-10-26', 'Olivier Hamel', 113, 10),
(732, 'Quo ut minus ea sapiente.', '2015-10-11', 'Marcel Hamel', 114, 4),
(733, 'Eum aperiam porro nam alias.', '2007-06-28', 'Nathalie Martineau-Gillet', 206, 6),
(734, 'Ullam iure quia aut ea.', '1978-10-14', 'Marianne de Guibert', 175, 5),
(735, 'Aut commodi qui consequatur.', '2005-12-22', 'Gabrielle Meyer', 226, 2),
(736, 'Amet qui et at esse.', '1978-01-07', 'Martine Laurent-Marie', 264, 10),
(737, 'Voluptates esse ut et.', '1983-02-06', 'Franck Mercier-Munoz', 258, 8),
(738, 'Ad debitis tenetur beatae.', '1970-06-26', 'Dominique-Alex Bonneau', 293, 2),
(739, 'Enim sint autem at esse iure.', '1985-07-19', 'Roland Louis', 115, 3),
(740, 'Qui ipsum quia recusandae.', '2004-11-09', 'Paul Guyon-Royer', 92, 6),
(741, 'Ab error voluptatum sit.', '2002-07-17', 'Christelle Payet-Carpentier', 90, 8),
(742, 'Et aut rerum ipsum quo dicta.', '1979-07-30', 'Christophe Becker-Leclercq', 105, 4),
(743, 'Aut id qui officiis amet.', '2015-11-18', 'Louis Couturier', 157, 4),
(744, 'Officiis et officiis quae.', '1978-02-20', 'Matthieu Turpin', 233, 7),
(745, 'Incidunt dicta quia iusto.', '1994-08-19', 'Cécile Gonzalez', 270, 8),
(746, 'Ut voluptatum et et non.', '2000-10-13', 'Paulette de la Martineau', 92, 5),
(747, 'Incidunt tenetur esse quia.', '1984-01-31', 'Sébastien Le Foucher', 231, 2),
(748, 'Molestiae nihil fuga ab.', '2000-07-03', 'Zacharie Brunel', 92, 10),
(749, 'Aut quos ut velit sunt.', '2016-06-17', 'René de Vaillant', 284, 3),
(750, 'Sed esse voluptatem et velit.', '1973-02-17', 'Emmanuel Barthelemy', 176, 1),
(751, 'A minus fuga recusandae quia.', '2017-10-08', 'Alix Wagner', 243, 7),
(752, 'Qui ut asperiores porro.', '2008-09-11', 'Martine Joly', 100, 2),
(753, 'Labore ut et placeat odit.', '2014-09-01', 'Hortense Weiss', 172, 8),
(754, 'Alias est eveniet sed.', '1984-09-19', 'Simone Blot', 280, 1),
(755, 'Non omnis debitis aliquid.', '1977-11-03', 'Honoré Vidal', 102, 5),
(756, 'Magni itaque quaerat ipsa.', '2004-12-04', 'Laurent Le Godard', 212, 7),
(757, 'Cupiditate est aliquam optio.', '2020-03-18', 'Lucas-Claude Lefort', 179, 4),
(758, 'Mollitia eligendi in vero.', '1972-12-14', 'Roger Renard', 158, 7),
(759, 'Ut ut nemo deserunt et ullam.', '2013-05-08', 'Aurélie Pineau', 217, 2),
(760, 'Culpa accusamus et ut aut.', '2005-04-20', 'Thérèse Dias-Nicolas', 134, 4),
(761, 'Dolores natus fugit aut.', '2016-03-29', 'Valentine Becker', 270, 6),
(762, 'Distinctio quia et velit et.', '1995-05-29', 'Lucas Masse', 176, 8),
(763, 'Odio sunt sit voluptas quia.', '1985-01-08', 'Andrée-Zoé Adam', 98, 9),
(764, 'Quos iste beatae adipisci.', '1984-08-01', 'Camille Jacquet-Ruiz', 152, 7),
(765, 'Eligendi et at ad.', '2004-01-23', 'Céline Gonzalez-Rey', 121, 1),
(766, 'Sit cum et a aut a.', '1975-12-09', 'Alix Lecoq', 204, 3),
(767, 'Omnis ut est id.', '1978-11-14', 'Caroline Moulin', 261, 6),
(768, 'Sunt voluptates aut sequi ut.', '2003-12-17', 'Madeleine Pineau', 251, 8),
(769, 'Sed aut libero et id.', '1983-02-01', 'Laure Letellier', 121, 6),
(770, 'Aut doloremque omnis maxime.', '1996-04-26', 'Roger-Charles Teixeira', 204, 6),
(771, 'Nisi iste sint ipsa aut.', '2005-09-12', 'Julien Ferreira', 99, 10),
(772, 'Rerum tempora et ab et aut.', '2001-06-14', 'Claire Merle', 223, 1),
(773, 'Inventore odio id vel.', '2006-01-17', 'Frédéric-Franck Benard', 151, 2),
(774, 'Numquam est et qui.', '1985-12-23', 'Denise Pelletier', 135, 1),
(775, 'Quo tempore voluptatem quo.', '1980-10-31', 'Louis Bertrand', 234, 5),
(776, 'Et sit quia qui maiores qui.', '2003-12-04', 'Martine Baudry', 184, 10),
(777, 'Nihil est ad est.', '2020-01-24', 'Chantal-Joséphine Gaillard', 162, 10),
(778, 'Dolor numquam aut maxime cum.', '1984-01-16', 'Jacques Lopez', 167, 1),
(779, 'Autem maxime ut sed quaerat.', '1995-10-23', 'René-Xavier Gaudin', 184, 3),
(780, 'Et et iusto et adipisci nemo.', '2009-04-09', 'Louis Weber', 140, 5),
(781, 'Minus suscipit nihil aut.', '2005-11-26', 'Christophe Le Renard', 164, 2),
(782, 'Sequi soluta eum officiis.', '1996-03-25', 'Célina Foucher', 219, 5),
(783, 'Iste illum magni tempore aut.', '2004-04-12', 'Michèle Guerin-Blot', 106, 6),
(784, 'Ea ut qui ea ratione.', '2002-10-17', 'Paul Boyer', 124, 4),
(785, 'Illo dignissimos ut et.', '1994-09-02', 'Stéphanie Levy', 160, 7),
(786, 'Quo adipisci ducimus magnam.', '1973-01-29', 'David Jacquet', 135, 7),
(787, 'Quae qui eos esse porro.', '1985-02-24', 'Hélène Rodriguez', 120, 10),
(788, 'Rerum unde quas sint fuga ut.', '1970-06-05', 'Élisabeth Le Bourgeois', 143, 2),
(789, 'At labore facere eveniet qui.', '1974-08-12', 'Louis Paul', 115, 8),
(790, 'Est aliquid voluptates sequi.', '2015-01-14', 'Éric Maillard', 193, 1),
(791, 'Ipsa et dolores id hic eius.', '1975-05-24', 'Rémy Gillet-Regnier', 202, 2),
(792, 'Ut sequi ratione non fuga.', '1974-01-22', 'Éric Delaunay', 223, 5),
(793, 'Odio aut voluptatem eos.', '1987-08-13', 'Jérôme Dumont-Lesage', 114, 10),
(794, 'Voluptate qui odio natus in.', '1978-12-15', 'Nicolas Guillaume-Fleury', 136, 2),
(795, 'Nemo sint ut voluptate.', '2017-04-07', 'Astrid Marchand', 187, 8),
(796, 'A ea et est modi ut quaerat.', '1998-11-22', 'David-Roland Chauveau', 201, 2),
(797, 'Error ea illum magni omnis.', '2003-12-17', 'Honoré Bertin-Robert', 298, 1),
(798, 'Quis alias sit fuga est qui.', '1984-04-27', 'Arnaude Roche', 160, 9),
(799, 'Quasi qui dolor eius debitis.', '1995-10-26', 'Honoré Barre', 290, 3),
(800, 'Earum nemo eos quia.', '2007-08-20', 'Henriette Renaud', 170, 1),
(801, 'Fuga esse porro rerum.', '1990-08-28', 'Matthieu de la Robert', 257, 10),
(802, 'Ut sed rerum eos qui.', '1975-09-21', 'Rémy Maurice-Bigot', 175, 7),
(803, 'Sed cumque sunt alias.', '1974-04-07', 'Adèle Boulanger', 131, 9),
(804, 'Corrupti sed eos placeat.', '1986-02-28', 'Émile Leveque', 158, 8),
(805, 'Voluptas aut dolor occaecati.', '2004-10-01', 'Agnès Traore', 173, 10),
(806, 'Nostrum similique est et.', '1975-03-29', 'Alix Benoit', 300, 1),
(807, 'Ab ducimus labore neque.', '1982-03-11', 'Céline Weber', 256, 8),
(808, 'Fugiat sapiente quia sit.', '2000-12-06', 'Élise Guillon', 111, 10),
(809, 'Odit deleniti quam eum.', '2023-07-26', 'Augustin Duhamel', 106, 6),
(810, 'Vel quo eum ut qui ut.', '1990-12-25', 'Alexandrie Le Goff', 120, 9),
(811, 'Labore sint eius odio veniam.', '2010-01-27', 'Céline Sauvage', 137, 4),
(812, 'Ut rerum ea rerum in.', '1985-08-09', 'Michel Colin', 102, 2),
(813, 'Sint alias iste sed animi.', '2000-10-15', 'Nath-Marine Lefort', 120, 7),
(814, 'Esse est in minus tempore.', '1999-05-24', 'Stéphanie Perret-Pasquier', 195, 10),
(815, 'Qui omnis nemo rerum.', '2001-11-24', 'Jacques de Renard', 264, 5),
(816, 'Error laborum est in eius.', '2011-06-26', 'Alexandre Humbert', 246, 10),
(817, 'Quia esse incidunt quas.', '2019-09-13', 'Andrée Marchand', 198, 1),
(818, 'Quam alias nisi minus sint.', '2007-08-11', 'Margaret Simon', 201, 6),
(819, 'Qui doloribus et id.', '2009-06-21', 'André Leleu', 288, 1),
(820, 'Quos sed odit nisi et.', '1995-08-04', 'Noémi Rey', 288, 10),
(821, 'Adipisci eius sit omnis.', '1973-05-15', 'Agnès Roger', 256, 7),
(822, 'Qui nesciunt quod sed dolor.', '1983-04-01', 'Paulette Gillet', 95, 9),
(823, 'Earum et odit alias laborum.', '2006-04-24', 'Susanne Diallo', 219, 10),
(824, 'Molestiae sint veritatis id.', '2009-05-27', 'Michel Guillou', 172, 2),
(825, 'Nihil quia vel dicta veniam.', '1971-08-04', 'Marcel Brunet', 226, 4),
(826, 'Distinctio enim vel sed.', '1981-08-31', 'Noémi Deschamps', 136, 6),
(827, 'Dolorem nam ut aut sunt vel.', '1970-04-10', 'Thibaut Marion', 291, 8),
(828, 'Doloribus nisi et hic.', '2007-08-23', 'Pierre-Édouard Lucas', 98, 2),
(829, 'Id ut quis vitae incidunt.', '1981-10-17', 'Marthe Blanchard-Nguyen', 113, 4),
(830, 'Earum illo odit ipsam et ut.', '1988-01-04', 'Bertrand Lesage', 156, 10),
(831, 'Et sunt cumque neque sed.', '1977-08-24', 'Gabriel Chretien', 236, 8),
(832, 'Qui et sequi quasi fugiat et.', '2015-04-15', 'Jules Barre', 192, 3),
(833, 'Atque est qui quia sit.', '1976-06-10', 'Gabriel Paul', 242, 7),
(834, 'Et incidunt iste nobis.', '2010-02-23', 'Arthur Leduc', 247, 1),
(835, 'Vel sed vitae eum sit.', '1973-12-06', 'Inès-Paulette Charles', 231, 7),
(836, 'Id et rerum earum qui a aut.', '2021-06-07', 'Alphonse Teixeira', 202, 10),
(837, 'Quisquam unde ut et.', '1994-12-29', 'Alexandre de Louis', 210, 3),
(838, 'Unde in ex voluptatem.', '1997-04-24', 'Théophile Seguin', 293, 4),
(839, 'A mollitia ut est.', '1993-12-25', 'Chantal Schmitt', 230, 7),
(840, 'Ad est ut sequi et.', '1992-06-15', 'Théodore Maury', 218, 2);

-- --------------------------------------------------------

--
-- Structure de la table `type`
--

CREATE TABLE `type` (
  `id_type` int(11) NOT NULL,
  `name_type` varchar(150) NOT NULL
) ENGINE=InnoDB DEFAULT CHARSET=utf8mb4 COLLATE=utf8mb4_general_ci;

--
-- Déchargement des données de la table `type`
--

INSERT INTO `type` (`id_type`, `name_type`) VALUES
(1, 'Rock'),
(2, 'Rap'),
(3, 'Jazz'),
(4, 'Classique'),
(5, 'Électronique'),
(6, 'Blues'),
(7, 'Reggae'),
(8, 'Country'),
(9, 'Pop'),
(10, 'Metal');

--
-- Index pour les tables déchargées
--

--
-- Index pour la table `appuser`
--
ALTER TABLE `appuser`
  ADD PRIMARY KEY (`id_appuser`);

--
-- Index pour la table `band`
--
ALTER TABLE `band`
  ADD PRIMARY KEY (`id_band`),
  ADD KEY `person_represent_band` (`id_person`);

--
-- Index pour la table `festival`
--
ALTER TABLE `festival`
  ADD PRIMARY KEY (`id_fest`),
  ADD KEY `id_person` (`id_person`),
  ADD KEY `id_town` (`id_town`);

--
-- Index pour la table `instrument`
--
ALTER TABLE `instrument`
  ADD PRIMARY KEY (`id_inst`);

--
-- Index pour la table `musician`
--
ALTER TABLE `musician`
  ADD PRIMARY KEY (`id_musician`),
  ADD KEY `id_inst` (`id_inst`),
  ADD KEY `id_person` (`id_person`);

--
-- Index pour la table `participate`
--
ALTER TABLE `participate`
  ADD PRIMARY KEY (`id_perf`,`id_specialisation`),
  ADD KEY `id_specialisation` (`id_specialisation`);

--
-- Index pour la table `perform`
--
ALTER TABLE `perform`
  ADD PRIMARY KEY (`id_perf`,`id_musician`),
  ADD KEY `id_musician` (`id_musician`);

--
-- Index pour la table `performance`
--
ALTER TABLE `performance`
  ADD PRIMARY KEY (`id_perf`),
  ADD KEY `id_fest` (`id_fest`),
  ADD KEY `id_band` (`id_band`);

--
-- Index pour la table `person`
--
ALTER TABLE `person`
  ADD PRIMARY KEY (`id_person`),
  ADD UNIQUE KEY `id_appuser` (`id_appuser`),
  ADD KEY `id_responsability_person` (`id_responsability_person`),
  ADD KEY `id_band` (`id_band`),
  ADD KEY `id_town` (`id_town`);

--
-- Index pour la table `region`
--
ALTER TABLE `region`
  ADD PRIMARY KEY (`id_region`),
  ADD KEY `id_state` (`id_state`);

--
-- Index pour la table `repertory`
--
ALTER TABLE `repertory`
  ADD PRIMARY KEY (`id_band`,`id_track`),
  ADD KEY `id_track` (`id_track`);

--
-- Index pour la table `responsability_person`
--
ALTER TABLE `responsability_person`
  ADD PRIMARY KEY (`id_responsability_person`);

--
-- Index pour la table `setlist`
--
ALTER TABLE `setlist`
  ADD PRIMARY KEY (`id_track`,`id_perf`),
  ADD KEY `id_perf` (`id_perf`);

--
-- Index pour la table `specialisation`
--
ALTER TABLE `specialisation`
  ADD PRIMARY KEY (`id_specialisation`),
  ADD KEY `id_spec` (`id_spec`),
  ADD KEY `id_person` (`id_person`);

--
-- Index pour la table `specialty`
--
ALTER TABLE `specialty`
  ADD PRIMARY KEY (`id_spec`);

--
-- Index pour la table `state`
--
ALTER TABLE `state`
  ADD PRIMARY KEY (`id_state`);

--
-- Index pour la table `town`
--
ALTER TABLE `town`
  ADD PRIMARY KEY (`id_town`),
  ADD KEY `id_region` (`id_region`);

--
-- Index pour la table `track`
--
ALTER TABLE `track`
  ADD PRIMARY KEY (`id_track`),
  ADD KEY `id_type` (`id_type`);

--
-- Index pour la table `type`
--
ALTER TABLE `type`
  ADD PRIMARY KEY (`id_type`);

--
-- AUTO_INCREMENT pour les tables déchargées
--

--
-- AUTO_INCREMENT pour la table `appuser`
--
ALTER TABLE `appuser`
  MODIFY `id_appuser` int(11) NOT NULL AUTO_INCREMENT, AUTO_INCREMENT=3;

--
-- AUTO_INCREMENT pour la table `band`
--
ALTER TABLE `band`
  MODIFY `id_band` int(11) NOT NULL AUTO_INCREMENT, AUTO_INCREMENT=86;

--
-- AUTO_INCREMENT pour la table `festival`
--
ALTER TABLE `festival`
  MODIFY `id_fest` int(11) NOT NULL AUTO_INCREMENT, AUTO_INCREMENT=11;

--
-- AUTO_INCREMENT pour la table `instrument`
--
ALTER TABLE `instrument`
  MODIFY `id_inst` int(11) NOT NULL AUTO_INCREMENT, AUTO_INCREMENT=12;

--
-- AUTO_INCREMENT pour la table `musician`
--
ALTER TABLE `musician`
  MODIFY `id_musician` int(11) NOT NULL AUTO_INCREMENT, AUTO_INCREMENT=985;

--
-- AUTO_INCREMENT pour la table `performance`
--
ALTER TABLE `performance`
  MODIFY `id_perf` int(11) NOT NULL AUTO_INCREMENT, AUTO_INCREMENT=85;

--
-- AUTO_INCREMENT pour la table `person`
--
ALTER TABLE `person`
  MODIFY `id_person` int(11) NOT NULL AUTO_INCREMENT, AUTO_INCREMENT=621;

--
-- AUTO_INCREMENT pour la table `region`
--
ALTER TABLE `region`
  MODIFY `id_region` int(11) NOT NULL AUTO_INCREMENT, AUTO_INCREMENT=11;

--
-- AUTO_INCREMENT pour la table `responsability_person`
--
ALTER TABLE `responsability_person`
  MODIFY `id_responsability_person` int(11) NOT NULL AUTO_INCREMENT, AUTO_INCREMENT=11;

--
-- AUTO_INCREMENT pour la table `specialisation`
--
ALTER TABLE `specialisation`
  MODIFY `id_specialisation` int(11) NOT NULL AUTO_INCREMENT, AUTO_INCREMENT=1204;

--
-- AUTO_INCREMENT pour la table `specialty`
--
ALTER TABLE `specialty`
  MODIFY `id_spec` int(11) NOT NULL AUTO_INCREMENT, AUTO_INCREMENT=11;

--
-- AUTO_INCREMENT pour la table `state`
--
ALTER TABLE `state`
  MODIFY `id_state` int(11) NOT NULL AUTO_INCREMENT, AUTO_INCREMENT=11;

--
-- AUTO_INCREMENT pour la table `town`
--
ALTER TABLE `town`
  MODIFY `id_town` int(11) NOT NULL AUTO_INCREMENT, AUTO_INCREMENT=21;

--
-- AUTO_INCREMENT pour la table `track`
--
ALTER TABLE `track`
  MODIFY `id_track` int(11) NOT NULL AUTO_INCREMENT, AUTO_INCREMENT=841;

--
-- AUTO_INCREMENT pour la table `type`
--
ALTER TABLE `type`
  MODIFY `id_type` int(11) NOT NULL AUTO_INCREMENT, AUTO_INCREMENT=11;

--
-- Contraintes pour les tables déchargées
--

--
-- Contraintes pour la table `band`
--
ALTER TABLE `band`
  ADD CONSTRAINT `person_represent_band` FOREIGN KEY (`id_person`) REFERENCES `person` (`id_person`);

--
-- Contraintes pour la table `festival`
--
ALTER TABLE `festival`
  ADD CONSTRAINT `festival_ibfk_1` FOREIGN KEY (`id_person`) REFERENCES `person` (`id_person`),
  ADD CONSTRAINT `festival_ibfk_2` FOREIGN KEY (`id_town`) REFERENCES `town` (`id_town`);

--
-- Contraintes pour la table `musician`
--
ALTER TABLE `musician`
  ADD CONSTRAINT `musician_ibfk_1` FOREIGN KEY (`id_inst`) REFERENCES `instrument` (`id_inst`),
  ADD CONSTRAINT `musician_ibfk_2` FOREIGN KEY (`id_person`) REFERENCES `person` (`id_person`);

--
-- Contraintes pour la table `participate`
--
ALTER TABLE `participate`
  ADD CONSTRAINT `participate_ibfk_1` FOREIGN KEY (`id_perf`) REFERENCES `performance` (`id_perf`),
  ADD CONSTRAINT `participate_ibfk_2` FOREIGN KEY (`id_specialisation`) REFERENCES `specialisation` (`id_specialisation`);

--
-- Contraintes pour la table `perform`
--
ALTER TABLE `perform`
  ADD CONSTRAINT `perform_ibfk_1` FOREIGN KEY (`id_perf`) REFERENCES `performance` (`id_perf`),
  ADD CONSTRAINT `perform_ibfk_2` FOREIGN KEY (`id_musician`) REFERENCES `musician` (`id_musician`);

--
-- Contraintes pour la table `performance`
--
ALTER TABLE `performance`
  ADD CONSTRAINT `performance_ibfk_1` FOREIGN KEY (`id_fest`) REFERENCES `festival` (`id_fest`),
  ADD CONSTRAINT `performance_ibfk_2` FOREIGN KEY (`id_band`) REFERENCES `band` (`id_band`);

--
-- Contraintes pour la table `person`
--
ALTER TABLE `person`
  ADD CONSTRAINT `person_ibfk_1` FOREIGN KEY (`id_appuser`) REFERENCES `appuser` (`id_appuser`),
  ADD CONSTRAINT `person_ibfk_2` FOREIGN KEY (`id_responsability_person`) REFERENCES `responsability_person` (`id_responsability_person`),
  ADD CONSTRAINT `person_ibfk_3` FOREIGN KEY (`id_band`) REFERENCES `band` (`id_band`),
  ADD CONSTRAINT `person_ibfk_4` FOREIGN KEY (`id_town`) REFERENCES `town` (`id_town`);

--
-- Contraintes pour la table `region`
--
ALTER TABLE `region`
  ADD CONSTRAINT `region_ibfk_1` FOREIGN KEY (`id_state`) REFERENCES `state` (`id_state`);

--
-- Contraintes pour la table `repertory`
--
ALTER TABLE `repertory`
  ADD CONSTRAINT `repertory_ibfk_1` FOREIGN KEY (`id_band`) REFERENCES `band` (`id_band`),
  ADD CONSTRAINT `repertory_ibfk_2` FOREIGN KEY (`id_track`) REFERENCES `track` (`id_track`);

--
-- Contraintes pour la table `setlist`
--
ALTER TABLE `setlist`
  ADD CONSTRAINT `setlist_ibfk_1` FOREIGN KEY (`id_track`) REFERENCES `track` (`id_track`),
  ADD CONSTRAINT `setlist_ibfk_2` FOREIGN KEY (`id_perf`) REFERENCES `performance` (`id_perf`);

--
-- Contraintes pour la table `specialisation`
--
ALTER TABLE `specialisation`
  ADD CONSTRAINT `specialisation_ibfk_1` FOREIGN KEY (`id_spec`) REFERENCES `specialty` (`id_spec`),
  ADD CONSTRAINT `specialisation_ibfk_2` FOREIGN KEY (`id_person`) REFERENCES `person` (`id_person`);

--
-- Contraintes pour la table `town`
--
ALTER TABLE `town`
  ADD CONSTRAINT `town_ibfk_1` FOREIGN KEY (`id_region`) REFERENCES `region` (`id_region`);

--
-- Contraintes pour la table `track`
--
ALTER TABLE `track`
  ADD CONSTRAINT `track_ibfk_1` FOREIGN KEY (`id_type`) REFERENCES `type` (`id_type`);
COMMIT;

/*!40101 SET CHARACTER_SET_CLIENT=@OLD_CHARACTER_SET_CLIENT */;
/*!40101 SET CHARACTER_SET_RESULTS=@OLD_CHARACTER_SET_RESULTS */;
/*!40101 SET COLLATION_CONNECTION=@OLD_COLLATION_CONNECTION */;
